Week,Workout,Gym Exercise,Travel Exercise,# Sets
1,Upper Body A,Barbell or Dumbbell Bench Press,Push-Ups / Incline Push-Ups,3
1,Upper Body A,Single-Arm Dumbbell Rows,Towel Door Rows or Table Inverted Rows,3
1,Upper Body A,Overhead Dumbbell Shoulder Press,Pike Push-Ups,3
1,Upper Body A,Lat Pulldowns or Cable Rows,Doorframe Towel Rows or Sliding Floor Lat Pulls,3
1,Upper Body A,Triceps Cable Pushdowns or Overhead Extensions,Bench Dips or Bodyweight Triceps Extensions,3
1,Upper Body A,Plank Hold,Plank Hold,3
1,Lower Body A,Barbell Back Squats or Goblet Squats,Bodyweight Squats or Tempo Squats,3
1,Lower Body A,Romanian Deadlifts (RDLs),Bodyweight Single-Leg RDLs,3
1,Lower Body A,Walking Lunges,Bodyweight Walking or Reverse Lunges,3
1,Lower Body A,Leg Curl Machine or Swiss Ball Hamstring Curls,Hamstring Walkouts,3
1,Lower Body A,Standing Calf Raises,Single-Leg Bodyweight Calf Raises,3
1,Lower Body A,Pallof Press,Side Plank or Towel ISO Press,3
1,Upper Body B,Incline Dumbbell Bench Press,Push-Ups / Incline Push-Ups,3
1,Upper Body B,Barbell or Chest-Supported Rows,Towel Door Rows or Table Inverted Rows,3
1,Upper Body B,Dumbbell Lateral Raises,Wall Lateral ISO Raises or Backpack Raises,3
1,Upper Body B,Face Pulls,Doorframe Rear Delt Flyes / Prone Y-T-W Raises,3
1,Upper Body B,Dumbbell Biceps Curls,Doorframe ISO Curls or Loaded Backpack Curls,3
1,Upper Body B,Hanging Knee Raises or Ab Wheel Rollouts,Floor Leg Raises or Bodyweight Wall Rollouts,3
1,Lower Body B,Trap Bar Deadlifts or Barbell Conventional Deadlifts,Single-Leg Good Mornings or Heavy Object Deadlifts,3
1,Lower Body B,Bulgarian Split Squats,Bodyweight Bulgarian Split Squats,3
1,Lower Body B,Barbell Hip Thrusts or Glute Bridges,Single-Leg Glute Bridges,3
1,Lower Body B,Leg Extension Machine or Goblet Step-Ups,Bodyweight Step-Ups or Sissy Squats,3
1,Lower Body B,Farmer's Carries,Loaded Water Jug / Backpack Carries,3
2,Upper Body A,Barbell or Dumbbell Bench Press,Push-Ups / Incline Push-Ups,3
2,Upper Body A,Single-Arm Dumbbell Rows,Towel Door Rows or Table Inverted Rows,3
2,Upper Body A,Overhead Dumbbell Shoulder Press,Pike Push-Ups,3
2,Upper Body A,Lat Pulldowns or Cable Rows,Doorframe Towel Rows or Sliding Floor Lat Pulls,3
2,Upper Body A,Triceps Cable Pushdowns or Overhead Extensions,Bench Dips or Bodyweight Triceps Extensions,3
2,Upper Body A,Plank Hold,Plank Hold,3
2,Lower Body A,Barbell Back Squats or Goblet Squats,Bodyweight Squats or Tempo Squats,3
2,Lower Body A,Romanian Deadlifts (RDLs),Bodyweight Single-Leg RDLs,3
2,Lower Body A,Walking Lunges,Bodyweight Walking or Reverse Lunges,3
2,Lower Body A,Leg Curl Machine or Swiss Ball Hamstring Curls,Hamstring Walkouts,3
2,Lower Body A,Standing Calf Raises,Single-Leg Bodyweight Calf Raises,3
2,Lower Body A,Pallof Press,Side Plank or Towel ISO Press,3
2,Upper Body B,Incline Dumbbell Bench Press,Push-Ups / Incline Push-Ups,3
2,Upper Body B,Barbell or Chest-Supported Rows,Towel Door Rows or Table Inverted Rows,3
2,Upper Body B,Dumbbell Lateral Raises,Wall Lateral ISO Raises or Backpack Raises,3
2,Upper Body B,Face Pulls,Doorframe Rear Delt Flyes / Prone Y-T-W Raises,3
2,Upper Body B,Dumbbell Biceps Curls,Doorframe ISO Curls or Loaded Backpack Curls,3
2,Upper Body B,Hanging Knee Raises or Ab Wheel Rollouts,Floor Leg Raises or Bodyweight Wall Rollouts,3
2,Lower Body B,Trap Bar Deadlifts or Barbell Conventional Deadlifts,Single-Leg Good Mornings or Heavy Object Deadlifts,3
2,Lower Body B,Bulgarian Split Squats,Bodyweight Bulgarian Split Squats,3
2,Lower Body B,Barbell Hip Thrusts or Glute Bridges,Single-Leg Glute Bridges,3
2,Lower Body B,Leg Extension Machine or Goblet Step-Ups,Bodyweight Step-Ups or Sissy Squats,3
2,Lower Body B,Farmer's Carries,Loaded Water Jug / Backpack Carries,3
3,Upper Body A,Barbell or Dumbbell Bench Press,Push-Ups / Incline Push-Ups,3
3,Upper Body A,Single-Arm Dumbbell Rows,Towel Door Rows or Table Inverted Rows,3
3,Upper Body A,Overhead Dumbbell Shoulder Press,Pike Push-Ups,3
3,Upper Body A,Lat Pulldowns or Cable Rows,Doorframe Towel Rows or Sliding Floor Lat Pulls,3
3,Upper Body A,Triceps Cable Pushdowns or Overhead Extensions,Bench Dips or Bodyweight Triceps Extensions,3
3,Upper Body A,Plank Hold,Plank Hold,3
3,Lower Body A,Barbell Back Squats or Goblet Squats,Bodyweight Squats or Tempo Squats,3
3,Lower Body A,Romanian Deadlifts (RDLs),Bodyweight Single-Leg RDLs,3
3,Lower Body A,Walking Lunges,Bodyweight Walking or Reverse Lunges,3
3,Lower Body A,Leg Curl Machine or Swiss Ball Hamstring Curls,Hamstring Walkouts,3
3,Lower Body A,Standing Calf Raises,Single-Leg Bodyweight Calf Raises,3
3,Lower Body A,Pallof Press,Side Plank or Towel ISO Press,3
3,Upper Body B,Incline Dumbbell Bench Press,Push-Ups / Incline Push-Ups,3
3,Upper Body B,Barbell or Chest-Supported Rows,Towel Door Rows or Table Inverted Rows,3
3,Upper Body B,Dumbbell Lateral Raises,Wall Lateral ISO Raises or Backpack Raises,3
3,Upper Body B,Face Pulls,Doorframe Rear Delt Flyes / Prone Y-T-W Raises,3
3,Upper Body B,Dumbbell Biceps Curls,Doorframe ISO Curls or Loaded Backpack Curls,3
3,Upper Body B,Hanging Knee Raises or Ab Wheel Rollouts,Floor Leg Raises or Bodyweight Wall Rollouts,3
3,Lower Body B,Trap Bar Deadlifts or Barbell Conventional Deadlifts,Single-Leg Good Mornings or Heavy Object Deadlifts,3
3,Lower Body B,Bulgarian Split Squats,Bodyweight Bulgarian Split Squats,3
3,Lower Body B,Barbell Hip Thrusts or Glute Bridges,Single-Leg Glute Bridges,3
3,Lower Body B,Leg Extension Machine or Goblet Step-Ups,Bodyweight Step-Ups or Sissy Squats,3
3,Lower Body B,Farmer's Carries,Loaded Water Jug / Backpack Carries,3
3,Bonus Upper,Dumbbell or Barbell Shrugs,Backpack Shrugs,3
3,Bonus Upper,Straight-Arm Pulldowns or Dumbbell Pullovers,Floor Pullovers or Towel Straight-Arm Pulls,3
3,Bonus Upper,Lying Triceps Extensions (Skull Crushers),Close-Grip Push-Ups or Backpack Skull Crushers,3
3,Bonus Upper,Hammer Curls,Backpack Hammer Curls,3
3,Bonus Upper,Reverse Wrist Curls,Backpack Reverse Wrist Curls,3
3,Bonus Upper,Dead Bugs,Dead Bugs,3
4,Upper Body A,Barbell or Dumbbell Bench Press,Push-Ups / Incline Push-Ups,3
4,Upper Body A,Single-Arm Dumbbell Rows,Towel Door Rows or Table Inverted Rows,3
4,Upper Body A,Overhead Dumbbell Shoulder Press,Pike Push-Ups,3
4,Upper Body A,Lat Pulldowns or Cable Rows,Doorframe Towel Rows or Sliding Floor Lat Pulls,3
4,Upper Body A,Triceps Cable Pushdowns or Overhead Extensions,Bench Dips or Bodyweight Triceps Extensions,4
4,Upper Body A,Plank Hold,Plank Hold,3
4,Lower Body A,Pallof Press,Side Plank or Towel ISO Press,3
4,Lower Body A,Barbell Back Squats or Goblet Squats,Bodyweight Squats or Tempo Squats,3
4,Lower Body A,Romanian Deadlifts (RDLs),Bodyweight Single-Leg RDLs,3
4,Lower Body A,Walking Lunges,Bodyweight Walking or Reverse Lunges,3
4,Lower Body A,Leg Curl Machine or Swiss Ball Hamstring Curls,Hamstring Walkouts,3
4,Lower Body A,Standing Calf Raises,Single-Leg Bodyweight Calf Raises,4
4,Upper Body B,Incline Dumbbell Bench Press,Push-Ups / Incline Push-Ups,3
4,Upper Body B,Barbell or Chest-Supported Rows,Towel Door Rows or Table Inverted Rows,3
4,Upper Body B,Dumbbell Lateral Raises,Wall Lateral ISO Raises or Backpack Raises,3
4,Upper Body B,Face Pulls,Doorframe Rear Delt Flyes / Prone Y-T-W Raises,3
4,Upper Body B,Dumbbell Biceps Curls,Doorframe ISO Curls or Loaded Backpack Curls,4
4,Upper Body B,Dead Bugs,Dead Bugs,3
4,Lower Body B,Hanging Knee Raises or Ab Wheel Rollouts,Floor Leg Raises or Bodyweight Wall Rollouts,3
4,Lower Body B,Trap Bar Deadlifts or Barbell Conventional Deadlifts,Single-Leg Good Mornings or Heavy Object Deadlifts,3
4,Lower Body B,Bulgarian Split Squats,Bodyweight Bulgarian Split Squats,3
4,Lower Body B,Barbell Hip Thrusts or Glute Bridges,Single-Leg Glute Bridges,3
4,Lower Body B,Leg Extension Machine or Goblet Step-Ups,Bodyweight Step-Ups or Sissy Squats,3
4,Lower Body B,Farmer's Carries,Loaded Water Jug / Backpack Carries,4
4,Bonus Upper,Dumbbell or Barbell Shrugs,Backpack Shrugs,3
4,Bonus Upper,Straight-Arm Pulldowns or Dumbbell Pullovers,Floor Pullovers or Towel Straight-Arm Pulls,3
4,Bonus Upper,Lying Triceps Extensions (Skull Crushers),Close-Grip Push-Ups or Backpack Skull Crushers,3
4,Bonus Upper,Hammer Curls,Backpack Hammer Curls,3
4,Bonus Upper,Reverse Wrist Curls,Backpack Reverse Wrist Curls,3
4,Bonus Upper,Side Plank,Side Plank,3
5,Upper Body A,Plank Hold,Plank Hold,3
5,Upper Body A,Barbell or Dumbbell Bench Press,Push-Ups / Incline Push-Ups,3
5,Upper Body A,Single-Arm Dumbbell Rows,Towel Door Rows or Table Inverted Rows,3
5,Upper Body A,Overhead Dumbbell Shoulder Press,Pike Push-Ups,3
5,Upper Body A,Lat Pulldowns or Cable Rows,Doorframe Towel Rows or Sliding Floor Lat Pulls,3
5,Upper Body A,Triceps Cable Pushdowns or Overhead Extensions,Bench Dips or Bodyweight Triceps Extensions,3
5,Lower Body A,Barbell Back Squats or Goblet Squats,Bodyweight Squats or Tempo Squats,3
5,Lower Body A,Romanian Deadlifts (RDLs),Bodyweight Single-Leg RDLs,3
5,Lower Body A,Walking Lunges,Bodyweight Walking or Reverse Lunges,3
5,Lower Body A,Leg Curl Machine or Swiss Ball Hamstring Curls,Hamstring Walkouts,3
5,Lower Body A,Standing Calf Raises,Single-Leg Bodyweight Calf Raises,3
5,Lower Body A,Pallof Press,Side Plank or Towel ISO Press,3
5,Upper Body B,Dead Bugs,Dead Bugs,3
5,Upper Body B,Incline Dumbbell Bench Press,Push-Ups / Incline Push-Ups,3
5,Upper Body B,Barbell or Chest-Supported Rows,Towel Door Rows or Table Inverted Rows,3
5,Upper Body B,Dumbbell Lateral Raises,Wall Lateral ISO Raises or Backpack Raises,3
5,Upper Body B,Face Pulls,Doorframe Rear Delt Flyes / Prone Y-T-W Raises,3
5,Upper Body B,Dumbbell Biceps Curls,Doorframe ISO Curls or Loaded Backpack Curls,3
5,Lower Body B,Trap Bar Deadlifts or Barbell Conventional Deadlifts,Single-Leg Good Mornings or Heavy Object Deadlifts,3
5,Lower Body B,Bulgarian Split Squats,Bodyweight Bulgarian Split Squats,3
5,Lower Body B,Barbell Hip Thrusts or Glute Bridges,Single-Leg Glute Bridges,3
5,Lower Body B,Leg Extension Machine or Goblet Step-Ups,Bodyweight Step-Ups or Sissy Squats,3
5,Lower Body B,Farmer's Carries,Loaded Water Jug / Backpack Carries,3
5,Lower Body B,Hanging Knee Raises or Ab Wheel Rollouts,Floor Leg Raises or Bodyweight Wall Rollouts,3
5,Bonus Upper,Side Plank,Side Plank,3
5,Bonus Upper,Dumbbell or Barbell Shrugs,Backpack Shrugs,3
5,Bonus Upper,Straight-Arm Pulldowns or Dumbbell Pullovers,Floor Pullovers or Towel Straight-Arm Pulls,3
5,Bonus Upper,Lying Triceps Extensions (Skull Crushers),Close-Grip Push-Ups or Backpack Skull Crushers,3
5,Bonus Upper,Hammer Curls,Backpack Hammer Curls,3
5,Bonus Upper,Reverse Wrist Curls,Backpack Reverse Wrist Curls,3
6,Upper Body A,Barbell or Dumbbell Bench Press,Push-Ups / Incline Push-Ups,3
6,Upper Body A,Single-Arm Dumbbell Rows,Towel Door Rows or Table Inverted Rows,3
6,Upper Body A,Overhead Dumbbell Shoulder Press,Pike Push-Ups,3
6,Upper Body A,Lat Pulldowns or Cable Rows,Doorframe Towel Rows or Sliding Floor Lat Pulls,3
6,Upper Body A,Triceps Cable Pushdowns or Overhead Extensions,Bench Dips or Bodyweight Triceps Extensions,3
6,Upper Body A,Plank Hold,Plank Hold,3
6,Lower Body A,Pallof Press,Side Plank or Towel ISO Press,3
6,Lower Body A,Barbell Back Squats or Goblet Squats,Bodyweight Squats or Tempo Squats,3
6,Lower Body A,Romanian Deadlifts (RDLs),Bodyweight Single-Leg RDLs,3
6,Lower Body A,Walking Lunges,Bodyweight Walking or Reverse Lunges,3
6,Lower Body A,Leg Curl Machine or Swiss Ball Hamstring Curls,Hamstring Walkouts,3
6,Lower Body A,Standing Calf Raises,Single-Leg Bodyweight Calf Raises,3
6,Upper Body B,Incline Dumbbell Bench Press,Push-Ups / Incline Push-Ups,3
6,Upper Body B,Barbell or Chest-Supported Rows,Towel Door Rows or Table Inverted Rows,3
6,Upper Body B,Dumbbell Lateral Raises,Wall Lateral ISO Raises or Backpack Raises,3
6,Upper Body B,Face Pulls,Doorframe Rear Delt Flyes / Prone Y-T-W Raises,3
6,Upper Body B,Dumbbell Biceps Curls,Doorframe ISO Curls or Loaded Backpack Curls,3
6,Upper Body B,Dead Bugs,Dead Bugs,3
6,Lower Body B,Hanging Knee Raises or Ab Wheel Rollouts,Floor Leg Raises or Bodyweight Wall Rollouts,3
6,Lower Body B,Trap Bar Deadlifts or Barbell Conventional Deadlifts,Single-Leg Good Mornings or Heavy Object Deadlifts,3
6,Lower Body B,Bulgarian Split Squats,Bodyweight Bulgarian Split Squats,3
6,Lower Body B,Barbell Hip Thrusts or Glute Bridges,Single-Leg Glute Bridges,3
6,Lower Body B,Leg Extension Machine or Goblet Step-Ups,Bodyweight Step-Ups or Sissy Squats,3
6,Lower Body B,Farmer's Carries,Loaded Water Jug / Backpack Carries,3
6,Bonus Upper,Dumbbell or Barbell Shrugs,Backpack Shrugs,3
6,Bonus Upper,Straight-Arm Pulldowns or Dumbbell Pullovers,Floor Pullovers or Towel Straight-Arm Pulls,3
6,Bonus Upper,Lying Triceps Extensions (Skull Crushers),Close-Grip Push-Ups or Backpack Skull Crushers,3
6,Bonus Upper,Hammer Curls,Backpack Hammer Curls,3
6,Bonus Upper,Reverse Wrist Curls,Backpack Reverse Wrist Curls,3
6,Bonus Upper,Side Plank,Side Plank,3
7,Upper Body A,Plank Hold,Plank Hold,3
7,Upper Body A,Barbell or Dumbbell Bench Press,Push-Ups / Incline Push-Ups,3
7,Upper Body A,Single-Arm Dumbbell Rows,Towel Door Rows or Table Inverted Rows,3
7,Upper Body A,Overhead Dumbbell Shoulder Press,Pike Push-Ups,3
7,Upper Body A,Lat Pulldowns or Cable Rows,Doorframe Towel Rows or Sliding Floor Lat Pulls,3
7,Upper Body A,Triceps Cable Pushdowns or Overhead Extensions,Bench Dips or Bodyweight Triceps Extensions,3
7,Lower Body A,Barbell Back Squats or Goblet Squats,Bodyweight Squats or Tempo Squats,3
7,Lower Body A,Romanian Deadlifts (RDLs),Bodyweight Single-Leg RDLs,3
7,Lower Body A,Walking Lunges,Bodyweight Walking or Reverse Lunges,3
7,Lower Body A,Leg Curl Machine or Swiss Ball Hamstring Curls,Hamstring Walkouts,3
7,Lower Body A,Standing Calf Raises,Single-Leg Bodyweight Calf Raises,3
7,Lower Body A,Pallof Press,Side Plank or Towel ISO Press,3
7,Upper Body B,Dead Bugs,Dead Bugs,3
7,Upper Body B,Incline Dumbbell Bench Press,Push-Ups / Incline Push-Ups,3
7,Upper Body B,Barbell or Chest-Supported Rows,Towel Door Rows or Table Inverted Rows,3
7,Upper Body B,Dumbbell Lateral Raises,Wall Lateral ISO Raises or Backpack Raises,3
7,Upper Body B,Face Pulls,Doorframe Rear Delt Flyes / Prone Y-T-W Raises,3
7,Upper Body B,Dumbbell Biceps Curls,Doorframe ISO Curls or Loaded Backpack Curls,3
7,Extra Upper,Dumbbell or Barbell Shrugs,Backpack Shrugs,3
7,Extra Upper,Straight-Arm Pulldowns or Dumbbell Pullovers,Floor Pullovers or Towel Straight-Arm Pulls,3
7,Extra Upper,Lying Triceps Extensions (Skull Crushers),Close-Grip Push-Ups or Backpack Skull Crushers,3
7,Extra Upper,Hammer Curls,Backpack Hammer Curls,3
7,Extra Upper,Reverse Wrist Curls,Backpack Reverse Wrist Curls,3
7,Extra Upper,Hanging Knee Raises or Ab Wheel Rollouts,Floor Leg Raises or Bodyweight Wall Rollouts,3
7,Bonus Core,Dead Bugs,Dead Bugs,3
7,Bonus Core,Side Plank,Side Plank,3
7,Bonus Core,Plank Hold,Plank Hold,3
7,Bonus Core,Pallof Press,Side Plank or Towel ISO Press,3
8,Upper Body A,Side Plank,Side Plank,3
8,Upper Body A,Barbell or Dumbbell Bench Press,Push-Ups / Incline Push-Ups,3
8,Upper Body A,Single-Arm Dumbbell Rows,Towel Door Rows or Table Inverted Rows,3
8,Upper Body A,Overhead Dumbbell Shoulder Press,Pike Push-Ups,3
8,Upper Body A,Lat Pulldowns or Cable Rows,Doorframe Towel Rows or Sliding Floor Lat Pulls,3
8,Upper Body A,Triceps Cable Pushdowns or Overhead Extensions,Bench Dips or Bodyweight Triceps Extensions,3
8,Lower Body B,Trap Bar Deadlifts or Barbell Conventional Deadlifts,Single-Leg Good Mornings or Heavy Object Deadlifts,3
8,Lower Body B,Bulgarian Split Squats,Bodyweight Bulgarian Split Squats,3
8,Lower Body B,Barbell Hip Thrusts or Glute Bridges,Single-Leg Glute Bridges,3
8,Lower Body B,Leg Extension Machine or Goblet Step-Ups,Bodyweight Step-Ups or Sissy Squats,3
8,Lower Body B,Farmer's Carries,Loaded Water Jug / Backpack Carries,3
8,Lower Body B,Plank Hold,Plank Hold,3
8,Upper Body B,Pallof Press,Side Plank or Towel ISO Press,3
8,Upper Body B,Incline Dumbbell Bench Press,Push-Ups / Incline Push-Ups,3
8,Upper Body B,Barbell or Chest-Supported Rows,Towel Door Rows or Table Inverted Rows,3
8,Upper Body B,Dumbbell Lateral Raises,Wall Lateral ISO Raises or Backpack Raises,3
8,Upper Body B,Face Pulls,Doorframe Rear Delt Flyes / Prone Y-T-W Raises,3
8,Upper Body B,Dumbbell Biceps Curls,Doorframe ISO Curls or Loaded Backpack Curls,3
8,Extra Upper,Dumbbell or Barbell Shrugs,Backpack Shrugs,3
8,Extra Upper,Straight-Arm Pulldowns or Dumbbell Pullovers,Floor Pullovers or Towel Straight-Arm Pulls,3
8,Extra Upper,Lying Triceps Extensions (Skull Crushers),Close-Grip Push-Ups or Backpack Skull Crushers,3
8,Extra Upper,Hammer Curls,Backpack Hammer Curls,3
8,Extra Upper,Reverse Wrist Curls,Backpack Reverse Wrist Curls,3
8,Extra Upper,Dead Bugs,Dead Bugs,3
8,Bonus Core,Dead Bugs,Dead Bugs,3
8,Bonus Core,Side Plank,Side Plank,3
8,Bonus Core,Plank Hold,Plank Hold,3
8,Bonus Core,Pallof Press,Side Plank or Towel ISO Press,3
9,Upper Body A,Hanging Knee Raises or Ab Wheel Rollouts,Floor Leg Raises or Bodyweight Wall Rollouts,3
9,Upper Body A,Barbell or Dumbbell Bench Press,Push-Ups / Incline Push-Ups,3
9,Upper Body A,Single-Arm Dumbbell Rows,Towel Door Rows or Table Inverted Rows,3
9,Upper Body A,Overhead Dumbbell Shoulder Press,Pike Push-Ups,3
9,Upper Body A,Lat Pulldowns or Cable Rows,Doorframe Towel Rows or Sliding Floor Lat Pulls,3
9,Upper Body A,Triceps Cable Pushdowns or Overhead Extensions,Bench Dips or Bodyweight Triceps Extensions,3
9,Lower Body A,Barbell Back Squats or Goblet Squats,Bodyweight Squats or Tempo Squats,3
9,Lower Body A,Romanian Deadlifts (RDLs),Bodyweight Single-Leg RDLs,3
9,Lower Body A,Walking Lunges,Bodyweight Walking or Reverse Lunges,3
9,Lower Body A,Leg Curl Machine or Swiss Ball Hamstring Curls,Hamstring Walkouts,3
9,Lower Body A,Standing Calf Raises,Single-Leg Bodyweight Calf Raises,3
9,Lower Body A,Side Plank,Side Plank,3
9,Upper Body B,Plank Hold,Plank Hold,3
9,Upper Body B,Incline Dumbbell Bench Press,Push-Ups / Incline Push-Ups,3
9,Upper Body B,Barbell or Chest-Supported Rows,Towel Door Rows or Table Inverted Rows,3
9,Upper Body B,Dumbbell Lateral Raises,Wall Lateral ISO Raises or Backpack Raises,3
9,Upper Body B,Face Pulls,Doorframe Rear Delt Flyes / Prone Y-T-W Raises,3
9,Upper Body B,Dumbbell Biceps Curls,Doorframe ISO Curls or Loaded Backpack Curls,3
9,Extra Upper,Dumbbell or Barbell Shrugs,Backpack Shrugs,3
9,Extra Upper,Straight-Arm Pulldowns or Dumbbell Pullovers,Floor Pullovers or Towel Straight-Arm Pulls,3
9,Extra Upper,Lying Triceps Extensions (Skull Crushers),Close-Grip Push-Ups or Backpack Skull Crushers,3
9,Extra Upper,Hammer Curls,Backpack Hammer Curls,3
9,Extra Upper,Reverse Wrist Curls,Backpack Reverse Wrist Curls,3
9,Extra Upper,Pallof Press,Side Plank or Towel ISO Press,3
9,Bonus Core,Dead Bugs,Dead Bugs,3
9,Bonus Core,Side Plank,Side Plank,3
9,Bonus Core,Plank Hold,Plank Hold,3
9,Bonus Core,Pallof Press,Side Plank or Towel ISO Press,3
10,Upper Body A,Dead Bugs,Dead Bugs,3
10,Upper Body A,Barbell or Dumbbell Bench Press,Push-Ups / Incline Push-Ups,3
10,Upper Body A,Single-Arm Dumbbell Rows,Towel Door Rows or Table Inverted Rows,3
10,Upper Body A,Overhead Dumbbell Shoulder Press,Pike Push-Ups,3
10,Upper Body A,Lat Pulldowns or Cable Rows,Doorframe Towel Rows or Sliding Floor Lat Pulls,3
10,Upper Body A,Triceps Cable Pushdowns or Overhead Extensions,Bench Dips or Bodyweight Triceps Extensions,3
10,Lower Body B,Trap Bar Deadlifts or Barbell Conventional Deadlifts,Single-Leg Good Mornings or Heavy Object Deadlifts,3
10,Lower Body B,Bulgarian Split Squats,Bodyweight Bulgarian Split Squats,3
10,Lower Body B,Barbell Hip Thrusts or Glute Bridges,Single-Leg Glute Bridges,3
10,Lower Body B,Leg Extension Machine or Goblet Step-Ups,Bodyweight Step-Ups or Sissy Squats,3
10,Lower Body B,Farmer's Carries,Loaded Water Jug / Backpack Carries,3
10,Lower Body B,Hanging Knee Raises or Ab Wheel Rollouts,Floor Leg Raises or Bodyweight Wall Rollouts,3
10,Upper Body B,Side Plank,Side Plank,3
10,Upper Body B,Incline Dumbbell Bench Press,Push-Ups / Incline Push-Ups,3
10,Upper Body B,Barbell or Chest-Supported Rows,Towel Door Rows or Table Inverted Rows,3
10,Upper Body B,Dumbbell Lateral Raises,Wall Lateral ISO Raises or Backpack Raises,3
10,Upper Body B,Face Pulls,Doorframe Rear Delt Flyes / Prone Y-T-W Raises,3
10,Upper Body B,Dumbbell Biceps Curls,Doorframe ISO Curls or Loaded Backpack Curls,3
10,Extra Upper,Dumbbell or Barbell Shrugs,Backpack Shrugs,3
10,Extra Upper,Straight-Arm Pulldowns or Dumbbell Pullovers,Floor Pullovers or Towel Straight-Arm Pulls,3
10,Extra Upper,Lying Triceps Extensions (Skull Crushers),Close-Grip Push-Ups or Backpack Skull Crushers,3
10,Extra Upper,Hammer Curls,Backpack Hammer Curls,3
10,Extra Upper,Reverse Wrist Curls,Backpack Reverse Wrist Curls,3
10,Extra Upper,Plank Hold,Plank Hold,3
10,Bonus Core,Dead Bugs,Dead Bugs,3
10,Bonus Core,Side Plank,Side Plank,3
10,Bonus Core,Plank Hold,Plank Hold,3
10,Bonus Core,Pallof Press,Side Plank or Towel ISO Press,3
11,Upper Body A,Pallof Press,Side Plank or Towel ISO Press,3
11,Upper Body A,Barbell or Dumbbell Bench Press,Push-Ups / Incline Push-Ups,3
11,Upper Body A,Single-Arm Dumbbell Rows,Towel Door Rows or Table Inverted Rows,3
11,Upper Body A,Overhead Dumbbell Shoulder Press,Pike Push-Ups,3
11,Upper Body A,Lat Pulldowns or Cable Rows,Doorframe Towel Rows or Sliding Floor Lat Pulls,3
11,Upper Body A,Triceps Cable Pushdowns or Overhead Extensions,Bench Dips or Bodyweight Triceps Extensions,3
11,Lower Body A,Barbell Back Squats or Goblet Squats,Bodyweight Squats or Tempo Squats,3
11,Lower Body A,Romanian Deadlifts (RDLs),Bodyweight Single-Leg RDLs,3
11,Lower Body A,Walking Lunges,Bodyweight Walking or Reverse Lunges,3
11,Lower Body A,Leg Curl Machine or Swiss Ball Hamstring Curls,Hamstring Walkouts,3
11,Lower Body A,Standing Calf Raises,Single-Leg Bodyweight Calf Raises,3
11,Lower Body A,Dead Bugs,Dead Bugs,3
11,Upper Body B,Hanging Knee Raises or Ab Wheel Rollouts,Floor Leg Raises or Bodyweight Wall Rollouts,3
11,Upper Body B,Incline Dumbbell Bench Press,Push-Ups / Incline Push-Ups,3
11,Upper Body B,Barbell or Chest-Supported Rows,Towel Door Rows or Table Inverted Rows,3
11,Upper Body B,Dumbbell Lateral Raises,Wall Lateral ISO Raises or Backpack Raises,3
11,Upper Body B,Face Pulls,Doorframe Rear Delt Flyes / Prone Y-T-W Raises,3
11,Upper Body B,Dumbbell Biceps Curls,Doorframe ISO Curls or Loaded Backpack Curls,3
11,Extra Upper,Dumbbell or Barbell Shrugs,Backpack Shrugs,3
11,Extra Upper,Straight-Arm Pulldowns or Dumbbell Pullovers,Floor Pullovers or Towel Straight-Arm Pulls,3
11,Extra Upper,Lying Triceps Extensions (Skull Crushers),Close-Grip Push-Ups or Backpack Skull Crushers,3
11,Extra Upper,Hammer Curls,Backpack Hammer Curls,3
11,Extra Upper,Reverse Wrist Curls,Backpack Reverse Wrist Curls,3
11,Extra Upper,Side Plank,Side Plank,3
11,Bonus Core,Dead Bugs,Dead Bugs,3
11,Bonus Core,Side Plank,Side Plank,3
11,Bonus Core,Plank Hold,Plank Hold,3
11,Bonus Core,Pallof Press,Side Plank or Towel ISO Press,3
12,Upper Body A,Plank Hold,Plank Hold,3
12,Upper Body A,Barbell or Dumbbell Bench Press,Push-Ups / Incline Push-Ups,3
12,Upper Body A,Single-Arm Dumbbell Rows,Towel Door Rows or Table Inverted Rows,3
12,Upper Body A,Overhead Dumbbell Shoulder Press,Pike Push-Ups,3
12,Upper Body A,Lat Pulldowns or Cable Rows,Doorframe Towel Rows or Sliding Floor Lat Pulls,3
12,Upper Body A,Triceps Cable Pushdowns or Overhead Extensions,Bench Dips or Bodyweight Triceps Extensions,3
12,Lower Body B,Trap Bar Deadlifts or Barbell Conventional Deadlifts,Single-Leg Good Mornings or Heavy Object Deadlifts,3
12,Lower Body B,Bulgarian Split Squats,Bodyweight Bulgarian Split Squats,3
12,Lower Body B,Barbell Hip Thrusts or Glute Bridges,Single-Leg Glute Bridges,3
12,Lower Body B,Leg Extension Machine or Goblet Step-Ups,Bodyweight Step-Ups or Sissy Squats,3
12,Lower Body B,Farmer's Carries,Loaded Water Jug / Backpack Carries,3
12,Lower Body B,Pallof Press,Side Plank or Towel ISO Press,3
12,Upper Body B,Dead Bugs,Dead Bugs,3
12,Upper Body B,Incline Dumbbell Bench Press,Push-Ups / Incline Push-Ups,3
12,Upper Body B,Barbell or Chest-Supported Rows,Towel Door Rows or Table Inverted Rows,3
12,Upper Body B,Dumbbell Lateral Raises,Wall Lateral ISO Raises or Backpack Raises,3
12,Upper Body B,Face Pulls,Doorframe Rear Delt Flyes / Prone Y-T-W Raises,3
12,Upper Body B,Dumbbell Biceps Curls,Doorframe ISO Curls or Loaded Backpack Curls,3
12,Extra Upper,Dumbbell or Barbell Shrugs,Backpack Shrugs,3
12,Extra Upper,Straight-Arm Pulldowns or Dumbbell Pullovers,Floor Pullovers or Towel Straight-Arm Pulls,3
12,Extra Upper,Lying Triceps Extensions (Skull Crushers),Close-Grip Push-Ups or Backpack Skull Crushers,3
12,Extra Upper,Hammer Curls,Backpack Hammer Curls,3
12,Extra Upper,Reverse Wrist Curls,Backpack Reverse Wrist Curls,3
12,Extra Upper,Hanging Knee Raises or Ab Wheel Rollouts,Floor Leg Raises or Bodyweight Wall Rollouts,3
12,Bonus Core,Dead Bugs,Dead Bugs,3
12,Bonus Core,Side Plank,Side Plank,3
12,Bonus Core,Plank Hold,Plank Hold,3
12,Bonus Core,Pallof Press,Side Plank or Towel ISO Press,3
13,Upper Body A,Side Plank,Side Plank,3
13,Upper Body A,Barbell or Dumbbell Bench Press,Push-Ups / Incline Push-Ups,3
13,Upper Body A,Single-Arm Dumbbell Rows,Towel Door Rows or Table Inverted Rows,3
13,Upper Body A,Overhead Dumbbell Shoulder Press,Pike Push-Ups,3
13,Upper Body A,Lat Pulldowns or Cable Rows,Doorframe Towel Rows or Sliding Floor Lat Pulls,3
13,Upper Body A,Triceps Cable Pushdowns or Overhead Extensions,Bench Dips or Bodyweight Triceps Extensions,3
13,Lower Body A,Barbell Back Squats or Goblet Squats,Bodyweight Squats or Tempo Squats,3
13,Lower Body A,Romanian Deadlifts (RDLs),Bodyweight Single-Leg RDLs,3
13,Lower Body A,Walking Lunges,Bodyweight Walking or Reverse Lunges,3
13,Lower Body A,Leg Curl Machine or Swiss Ball Hamstring Curls,Hamstring Walkouts,3
13,Lower Body A,Standing Calf Raises,Single-Leg Bodyweight Calf Raises,3
13,Lower Body A,Plank Hold,Plank Hold,3
13,Upper Body B,Pallof Press,Side Plank or Towel ISO Press,3
13,Upper Body B,Incline Dumbbell Bench Press,Push-Ups / Incline Push-Ups,3
13,Upper Body B,Barbell or Chest-Supported Rows,Towel Door Rows or Table Inverted Rows,3
13,Upper Body B,Dumbbell Lateral Raises,Wall Lateral ISO Raises or Backpack Raises,3
13,Upper Body B,Face Pulls,Doorframe Rear Delt Flyes / Prone Y-T-W Raises,3
13,Upper Body B,Dumbbell Biceps Curls,Doorframe ISO Curls or Loaded Backpack Curls,3
13,Extra Upper,Dumbbell Lateral Raises,Wall Lateral ISO Raises or Backpack Raises,3
13,Extra Upper,Face Pulls,Doorframe Rear Delt Flyes / Prone Y-T-W Raises,3
13,Extra Upper,Dumbbell Biceps Curls,Doorframe ISO Curls or Loaded Backpack Curls,3
13,Extra Upper,Triceps Cable Pushdowns or Overhead Extensions,Bench Dips or Bodyweight Triceps Extensions,3
13,Extra Upper,Dead Bugs,Dead Bugs,3
13,Bonus Core,Dead Bugs,Dead Bugs,3
13,Bonus Core,Side Plank,Side Plank,3
13,Bonus Core,Plank Hold,Plank Hold,3
13,Bonus Core,Pallof Press,Side Plank or Towel ISO Press,3
14,Upper Body A,Hanging Knee Raises or Ab Wheel Rollouts,Floor Leg Raises or Bodyweight Wall Rollouts,3
14,Upper Body A,Barbell or Dumbbell Bench Press,Push-Ups / Incline Push-Ups,3
14,Upper Body A,Single-Arm Dumbbell Rows,Towel Door Rows or Table Inverted Rows,3
14,Upper Body A,Overhead Dumbbell Shoulder Press,Pike Push-Ups,3
14,Upper Body A,Lat Pulldowns or Cable Rows,Doorframe Towel Rows or Sliding Floor Lat Pulls,3
14,Upper Body A,Triceps Cable Pushdowns or Overhead Extensions,Bench Dips or Bodyweight Triceps Extensions,3
14,Lower Body B,Trap Bar Deadlifts or Barbell Conventional Deadlifts,Single-Leg Good Mornings or Heavy Object Deadlifts,3
14,Lower Body B,Bulgarian Split Squats,Bodyweight Bulgarian Split Squats,3
14,Lower Body B,Barbell Hip Thrusts or Glute Bridges,Single-Leg Glute Bridges,3
14,Lower Body B,Leg Extension Machine or Goblet Step-Ups,Bodyweight Step-Ups or Sissy Squats,3
14,Lower Body B,Farmer's Carries,Loaded Water Jug / Backpack Carries,3
14,Lower Body B,Side Plank,Side Plank,3
14,Upper Body B,Plank Hold,Plank Hold,3
14,Upper Body B,Incline Dumbbell Bench Press,Push-Ups / Incline Push-Ups,3
14,Upper Body B,Barbell or Chest-Supported Rows,Towel Door Rows or Table Inverted Rows,3
14,Upper Body B,Dumbbell Lateral Raises,Wall Lateral ISO Raises or Backpack Raises,3
14,Upper Body B,Face Pulls,Doorframe Rear Delt Flyes / Prone Y-T-W Raises,3
14,Upper Body B,Dumbbell Biceps Curls,Doorframe ISO Curls or Loaded Backpack Curls,3
14,Extra Upper,Dumbbell Lateral Raises,Wall Lateral ISO Raises or Backpack Raises,3
14,Extra Upper,Face Pulls,Doorframe Rear Delt Flyes / Prone Y-T-W Raises,3
14,Extra Upper,Dumbbell Biceps Curls,Doorframe ISO Curls or Loaded Backpack Curls,3
14,Extra Upper,Triceps Cable Pushdowns or Overhead Extensions,Bench Dips or Bodyweight Triceps Extensions,3
14,Extra Upper,Pallof Press,Side Plank or Towel ISO Press,3
14,Bonus Core,Dead Bugs,Dead Bugs,3
14,Bonus Core,Side Plank,Side Plank,3
14,Bonus Core,Plank Hold,Plank Hold,3
14,Bonus Core,Pallof Press,Side Plank or Towel ISO Press,3
15,Upper Body A,Dead Bugs,Dead Bugs,3
15,Upper Body A,Barbell or Dumbbell Bench Press,Push-Ups / Incline Push-Ups,3
15,Upper Body A,Single-Arm Dumbbell Rows,Towel Door Rows or Table Inverted Rows,3
15,Upper Body A,Overhead Dumbbell Shoulder Press,Pike Push-Ups,3
15,Upper Body A,Lat Pulldowns or Cable Rows,Doorframe Towel Rows or Sliding Floor Lat Pulls,3
15,Upper Body A,Triceps Cable Pushdowns or Overhead Extensions,Bench Dips or Bodyweight Triceps Extensions,3
15,Lower Body A,Barbell Back Squats or Goblet Squats,Bodyweight Squats or Tempo Squats,3
15,Lower Body A,Romanian Deadlifts (RDLs),Bodyweight Single-Leg RDLs,3
15,Lower Body A,Walking Lunges,Bodyweight Walking or Reverse Lunges,3
15,Lower Body A,Leg Curl Machine or Swiss Ball Hamstring Curls,Hamstring Walkouts,3
15,Lower Body A,Standing Calf Raises,Single-Leg Bodyweight Calf Raises,3
15,Lower Body A,Hanging Knee Raises or Ab Wheel Rollouts,Floor Leg Raises or Bodyweight Wall Rollouts,3
15,Upper Body B,Side Plank,Side Plank,3
15,Upper Body B,Incline Dumbbell Bench Press,Push-Ups / Incline Push-Ups,3
15,Upper Body B,Barbell or Chest-Supported Rows,Towel Door Rows or Table Inverted Rows,3
15,Upper Body B,Dumbbell Lateral Raises,Wall Lateral ISO Raises or Backpack Raises,3
15,Upper Body B,Face Pulls,Doorframe Rear Delt Flyes / Prone Y-T-W Raises,3
15,Upper Body B,Dumbbell Biceps Curls,Doorframe ISO Curls or Loaded Backpack Curls,3
15,Extra Upper,Dumbbell Lateral Raises,Wall Lateral ISO Raises or Backpack Raises,3
15,Extra Upper,Face Pulls,Doorframe Rear Delt Flyes / Prone Y-T-W Raises,3
15,Extra Upper,Dumbbell Biceps Curls,Doorframe ISO Curls or Loaded Backpack Curls,3
15,Extra Upper,Triceps Cable Pushdowns or Overhead Extensions,Bench Dips or Bodyweight Triceps Extensions,3
15,Extra Upper,Plank Hold,Plank Hold,3
15,Bonus Core,Dead Bugs,Dead Bugs,3
15,Bonus Core,Side Plank,Side Plank,3
15,Bonus Core,Plank Hold,Plank Hold,3
15,Bonus Core,Pallof Press,Side Plank or Towel ISO Press,3
16,Upper Body A,Pallof Press,Side Plank or Towel ISO Press,3
16,Upper Body A,Barbell or Dumbbell Bench Press,Push-Ups / Incline Push-Ups,3
16,Upper Body A,Single-Arm Dumbbell Rows,Towel Door Rows or Table Inverted Rows,3
16,Upper Body A,Overhead Dumbbell Shoulder Press,Pike Push-Ups,3
16,Upper Body A,Lat Pulldowns or Cable Rows,Doorframe Towel Rows or Sliding Floor Lat Pulls,3
16,Upper Body A,Triceps Cable Pushdowns or Overhead Extensions,Bench Dips or Bodyweight Triceps Extensions,3
16,Lower Body B,Trap Bar Deadlifts or Barbell Conventional Deadlifts,Single-Leg Good Mornings or Heavy Object Deadlifts,3
16,Lower Body B,Bulgarian Split Squats,Bodyweight Bulgarian Split Squats,3
16,Lower Body B,Barbell Hip Thrusts or Glute Bridges,Single-Leg Glute Bridges,3
16,Lower Body B,Leg Extension Machine or Goblet Step-Ups,Bodyweight Step-Ups or Sissy Squats,3
16,Lower Body B,Farmer's Carries,Loaded Water Jug / Backpack Carries,3
16,Lower Body B,Dead Bugs,Dead Bugs,3
16,Upper Body B,Hanging Knee Raises or Ab Wheel Rollouts,Floor Leg Raises or Bodyweight Wall Rollouts,3
16,Upper Body B,Incline Dumbbell Bench Press,Push-Ups / Incline Push-Ups,3
16,Upper Body B,Barbell or Chest-Supported Rows,Towel Door Rows or Table Inverted Rows,3
16,Upper Body B,Dumbbell Lateral Raises,Wall Lateral ISO Raises or Backpack Raises,3
16,Upper Body B,Face Pulls,Doorframe Rear Delt Flyes / Prone Y-T-W Raises,3
16,Upper Body B,Dumbbell Biceps Curls,Doorframe ISO Curls or Loaded Backpack Curls,3
16,Extra Upper,Dumbbell Lateral Raises,Wall Lateral ISO Raises or Backpack Raises,3
16,Extra Upper,Face Pulls,Doorframe Rear Delt Flyes / Prone Y-T-W Raises,3
16,Extra Upper,Dumbbell Biceps Curls,Doorframe ISO Curls or Loaded Backpack Curls,3
16,Extra Upper,Triceps Cable Pushdowns or Overhead Extensions,Bench Dips or Bodyweight Triceps Extensions,3
16,Extra Upper,Side Plank,Side Plank,3
16,Bonus Core,Dead Bugs,Dead Bugs,3
16,Bonus Core,Side Plank,Side Plank,3
16,Bonus Core,Plank Hold,Plank Hold,3
16,Bonus Core,Pallof Press,Side Plank or Towel ISO Press,3
17,Upper Body A,Plank Hold,Plank Hold,3
17,Upper Body A,Barbell or Dumbbell Bench Press,Push-Ups / Incline Push-Ups,3
17,Upper Body A,Single-Arm Dumbbell Rows,Towel Door Rows or Table Inverted Rows,3
17,Upper Body A,Overhead Dumbbell Shoulder Press,Pike Push-Ups,3
17,Upper Body A,Lat Pulldowns or Cable Rows,Doorframe Towel Rows or Sliding Floor Lat Pulls,3
17,Upper Body A,Triceps Cable Pushdowns or Overhead Extensions,Bench Dips or Bodyweight Triceps Extensions,3
17,Lower Body A,Barbell Back Squats or Goblet Squats,Bodyweight Squats or Tempo Squats,3
17,Lower Body A,Romanian Deadlifts (RDLs),Bodyweight Single-Leg RDLs,3
17,Lower Body A,Walking Lunges,Bodyweight Walking or Reverse Lunges,3
17,Lower Body A,Leg Curl Machine or Swiss Ball Hamstring Curls,Hamstring Walkouts,3
17,Lower Body A,Standing Calf Raises,Single-Leg Bodyweight Calf Raises,3
17,Lower Body A,Pallof Press,Side Plank or Towel ISO Press,3
17,Upper Body B,Dead Bugs,Dead Bugs,3
17,Upper Body B,Incline Dumbbell Bench Press,Push-Ups / Incline Push-Ups,3
17,Upper Body B,Barbell or Chest-Supported Rows,Towel Door Rows or Table Inverted Rows,3
17,Upper Body B,Dumbbell Lateral Raises,Wall Lateral ISO Raises or Backpack Raises,3
17,Upper Body B,Face Pulls,Doorframe Rear Delt Flyes / Prone Y-T-W Raises,3
17,Upper Body B,Dumbbell Biceps Curls,Doorframe ISO Curls or Loaded Backpack Curls,3
17,Extra Upper,Dumbbell Lateral Raises,Wall Lateral ISO Raises or Backpack Raises,3
17,Extra Upper,Face Pulls,Doorframe Rear Delt Flyes / Prone Y-T-W Raises,3
17,Extra Upper,Dumbbell Biceps Curls,Doorframe ISO Curls or Loaded Backpack Curls,3
17,Extra Upper,Triceps Cable Pushdowns or Overhead Extensions,Bench Dips or Bodyweight Triceps Extensions,3
17,Extra Upper,Hanging Knee Raises or Ab Wheel Rollouts,Floor Leg Raises or Bodyweight Wall Rollouts,3
17,Bonus Core,Dead Bugs,Dead Bugs,3
17,Bonus Core,Side Plank,Side Plank,3
17,Bonus Core,Plank Hold,Plank Hold,3
17,Bonus Core,Pallof Press,Side Plank or Towel ISO Press,3
18,Upper Body A,Side Plank,Side Plank,3
18,Upper Body A,Barbell or Dumbbell Bench Press,Push-Ups / Incline Push-Ups,3
18,Upper Body A,Single-Arm Dumbbell Rows,Towel Door Rows or Table Inverted Rows,3
18,Upper Body A,Overhead Dumbbell Shoulder Press,Pike Push-Ups,3
18,Upper Body A,Lat Pulldowns or Cable Rows,Doorframe Towel Rows or Sliding Floor Lat Pulls,3
18,Upper Body A,Triceps Cable Pushdowns or Overhead Extensions,Bench Dips or Bodyweight Triceps Extensions,3
18,Lower Body B,Trap Bar Deadlifts or Barbell Conventional Deadlifts,Single-Leg Good Mornings or Heavy Object Deadlifts,3
18,Lower Body B,Bulgarian Split Squats,Bodyweight Bulgarian Split Squats,3
18,Lower Body B,Barbell Hip Thrusts or Glute Bridges,Single-Leg Glute Bridges,3
18,Lower Body B,Leg Extension Machine or Goblet Step-Ups,Bodyweight Step-Ups or Sissy Squats,3
18,Lower Body B,Farmer's Carries,Loaded Water Jug / Backpack Carries,3
18,Lower Body B,Plank Hold,Plank Hold,3
18,Upper Body B,Pallof Press,Side Plank or Towel ISO Press,3
18,Upper Body B,Incline Dumbbell Bench Press,Push-Ups / Incline Push-Ups,3
18,Upper Body B,Barbell or Chest-Supported Rows,Towel Door Rows or Table Inverted Rows,3
18,Upper Body B,Dumbbell Lateral Raises,Wall Lateral ISO Raises or Backpack Raises,3
18,Upper Body B,Face Pulls,Doorframe Rear Delt Flyes / Prone Y-T-W Raises,3
18,Upper Body B,Dumbbell Biceps Curls,Doorframe ISO Curls or Loaded Backpack Curls,3
18,Extra Upper,Dumbbell Lateral Raises,Wall Lateral ISO Raises or Backpack Raises,3
18,Extra Upper,Face Pulls,Doorframe Rear Delt Flyes / Prone Y-T-W Raises,3
18,Extra Upper,Dumbbell Biceps Curls,Doorframe ISO Curls or Loaded Backpack Curls,3
18,Extra Upper,Triceps Cable Pushdowns or Overhead Extensions,Bench Dips or Bodyweight Triceps Extensions,3
18,Extra Upper,Dead Bugs,Dead Bugs,3
18,Bonus Core,Dead Bugs,Dead Bugs,3
18,Bonus Core,Side Plank,Side Plank,3
18,Bonus Core,Plank Hold,Plank Hold,3
18,Bonus Core,Pallof Press,Side Plank or Towel ISO Press,3
19,Upper Body A,Hanging Knee Raises or Ab Wheel Rollouts,Floor Leg Raises or Bodyweight Wall Rollouts,3
19,Upper Body A,Barbell or Dumbbell Bench Press,Push-Ups / Incline Push-Ups,3
19,Upper Body A,Single-Arm Dumbbell Rows,Towel Door Rows or Table Inverted Rows,3
19,Upper Body A,Overhead Dumbbell Shoulder Press,Pike Push-Ups,3
19,Upper Body A,Lat Pulldowns or Cable Rows,Doorframe Towel Rows or Sliding Floor Lat Pulls,3
19,Upper Body A,Triceps Cable Pushdowns or Overhead Extensions,Bench Dips or Bodyweight Triceps Extensions,3
19,Lower Body A,Barbell Back Squats or Goblet Squats,Bodyweight Squats or Tempo Squats,3
19,Lower Body A,Romanian Deadlifts (RDLs),Bodyweight Single-Leg RDLs,3
19,Lower Body A,Walking Lunges,Bodyweight Walking or Reverse Lunges,3
19,Lower Body A,Leg Curl Machine or Swiss Ball Hamstring Curls,Hamstring Walkouts,3
19,Lower Body A,Standing Calf Raises,Single-Leg Bodyweight Calf Raises,3
19,Lower Body A,Side Plank,Side Plank,3
19,Upper Body B,Plank Hold,Plank Hold,3
19,Upper Body B,Incline Dumbbell Bench Press,Push-Ups / Incline Push-Ups,3
19,Upper Body B,Barbell or Chest-Supported Rows,Towel Door Rows or Table Inverted Rows,3
19,Upper Body B,Dumbbell Lateral Raises,Wall Lateral ISO Raises or Backpack Raises,3
19,Upper Body B,Face Pulls,Doorframe Rear Delt Flyes / Prone Y-T-W Raises,3
19,Upper Body B,Dumbbell Biceps Curls,Doorframe ISO Curls or Loaded Backpack Curls,3
19,Extra Upper,Incline Dumbbell Bench Press,Push-Ups / Incline Push-Ups,3
19,Extra Upper,Single-Arm Dumbbell Rows,Towel Door Rows or Table Inverted Rows,3
19,Extra Upper,Face Pulls,Doorframe Rear Delt Flyes / Prone Y-T-W Raises,3
19,Extra Upper,Hammer Curls,Backpack Hammer Curls,3
19,Extra Upper,Pallof Press,Side Plank or Towel ISO Press,3
19,Bonus Core,Dead Bugs,Dead Bugs,3
19,Bonus Core,Side Plank,Side Plank,3
19,Bonus Core,Plank Hold,Plank Hold,3
19,Bonus Core,Pallof Press,Side Plank or Towel ISO Press,3
20,Upper Body A,Dead Bugs,Dead Bugs,3
20,Upper Body A,Barbell or Dumbbell Bench Press,Push-Ups / Incline Push-Ups,3
20,Upper Body A,Single-Arm Dumbbell Rows,Towel Door Rows or Table Inverted Rows,3
20,Upper Body A,Overhead Dumbbell Shoulder Press,Pike Push-Ups,3
20,Upper Body A,Lat Pulldowns or Cable Rows,Doorframe Towel Rows or Sliding Floor Lat Pulls,3
20,Upper Body A,Triceps Cable Pushdowns or Overhead Extensions,Bench Dips or Bodyweight Triceps Extensions,3
20,Lower Body B,Trap Bar Deadlifts or Barbell Conventional Deadlifts,Single-Leg Good Mornings or Heavy Object Deadlifts,3
20,Lower Body B,Bulgarian Split Squats,Bodyweight Bulgarian Split Squats,3
20,Lower Body B,Barbell Hip Thrusts or Glute Bridges,Single-Leg Glute Bridges,3
20,Lower Body B,Leg Extension Machine or Goblet Step-Ups,Bodyweight Step-Ups or Sissy Squats,3
20,Lower Body B,Farmer's Carries,Loaded Water Jug / Backpack Carries,3
20,Lower Body B,Hanging Knee Raises or Ab Wheel Rollouts,Floor Leg Raises or Bodyweight Wall Rollouts,3
20,Upper Body B,Side Plank,Side Plank,3
20,Upper Body B,Incline Dumbbell Bench Press,Push-Ups / Incline Push-Ups,3
20,Upper Body B,Barbell or Chest-Supported Rows,Towel Door Rows or Table Inverted Rows,3
20,Upper Body B,Dumbbell Lateral Raises,Wall Lateral ISO Raises or Backpack Raises,3
20,Upper Body B,Face Pulls,Doorframe Rear Delt Flyes / Prone Y-T-W Raises,3
20,Upper Body B,Dumbbell Biceps Curls,Doorframe ISO Curls or Loaded Backpack Curls,3
20,Extra Upper,Incline Dumbbell Bench Press,Push-Ups / Incline Push-Ups,3
20,Extra Upper,Single-Arm Dumbbell Rows,Towel Door Rows or Table Inverted Rows,3
20,Extra Upper,Face Pulls,Doorframe Rear Delt Flyes / Prone Y-T-W Raises,3
20,Extra Upper,Hammer Curls,Backpack Hammer Curls,3
20,Extra Upper,Plank Hold,Plank Hold,3
20,Bonus Core,Dead Bugs,Dead Bugs,3
20,Bonus Core,Side Plank,Side Plank,3
20,Bonus Core,Plank Hold,Plank Hold,3
20,Bonus Core,Pallof Press,Side Plank or Towel ISO Press,3
21,Upper Body A,Pallof Press,Side Plank or Towel ISO Press,3
21,Upper Body A,Barbell or Dumbbell Bench Press,Push-Ups / Incline Push-Ups,3
21,Upper Body A,Single-Arm Dumbbell Rows,Towel Door Rows or Table Inverted Rows,3
21,Upper Body A,Overhead Dumbbell Shoulder Press,Pike Push-Ups,3
21,Upper Body A,Lat Pulldowns or Cable Rows,Doorframe Towel Rows or Sliding Floor Lat Pulls,3
21,Upper Body A,Triceps Cable Pushdowns or Overhead Extensions,Bench Dips or Bodyweight Triceps Extensions,3
21,Lower Body A,Barbell Back Squats or Goblet Squats,Bodyweight Squats or Tempo Squats,3
21,Lower Body A,Romanian Deadlifts (RDLs),Bodyweight Single-Leg RDLs,3
21,Lower Body A,Walking Lunges,Bodyweight Walking or Reverse Lunges,3
21,Lower Body A,Leg Curl Machine or Swiss Ball Hamstring Curls,Hamstring Walkouts,3
21,Lower Body A,Standing Calf Raises,Single-Leg Bodyweight Calf Raises,3
21,Lower Body A,Dead Bugs,Dead Bugs,3
21,Upper Body B,Hanging Knee Raises or Ab Wheel Rollouts,Floor Leg Raises or Bodyweight Wall Rollouts,3
21,Upper Body B,Incline Dumbbell Bench Press,Push-Ups / Incline Push-Ups,3
21,Upper Body B,Barbell or Chest-Supported Rows,Towel Door Rows or Table Inverted Rows,3
21,Upper Body B,Dumbbell Lateral Raises,Wall Lateral ISO Raises or Backpack Raises,3
21,Upper Body B,Face Pulls,Doorframe Rear Delt Flyes / Prone Y-T-W Raises,3
21,Upper Body B,Dumbbell Biceps Curls,Doorframe ISO Curls or Loaded Backpack Curls,3
21,Extra Upper,Incline Dumbbell Bench Press,Push-Ups / Incline Push-Ups,3
21,Extra Upper,Single-Arm Dumbbell Rows,Towel Door Rows or Table Inverted Rows,3
21,Extra Upper,Face Pulls,Doorframe Rear Delt Flyes / Prone Y-T-W Raises,3
21,Extra Upper,Hammer Curls,Backpack Hammer Curls,3
21,Extra Upper,Side Plank,Side Plank,3
21,Bonus Core,Dead Bugs,Dead Bugs,3
21,Bonus Core,Side Plank,Side Plank,3
21,Bonus Core,Plank Hold,Plank Hold,3
21,Bonus Core,Pallof Press,Side Plank or Towel ISO Press,3
22,Upper Body A,Plank Hold,Plank Hold,3
22,Upper Body A,Barbell or Dumbbell Bench Press,Push-Ups / Incline Push-Ups,3
22,Upper Body A,Single-Arm Dumbbell Rows,Towel Door Rows or Table Inverted Rows,3
22,Upper Body A,Overhead Dumbbell Shoulder Press,Pike Push-Ups,3
22,Upper Body A,Lat Pulldowns or Cable Rows,Doorframe Towel Rows or Sliding Floor Lat Pulls,3
22,Upper Body A,Triceps Cable Pushdowns or Overhead Extensions,Bench Dips or Bodyweight Triceps Extensions,3
22,Lower Body B,Trap Bar Deadlifts or Barbell Conventional Deadlifts,Single-Leg Good Mornings or Heavy Object Deadlifts,3
22,Lower Body B,Bulgarian Split Squats,Bodyweight Bulgarian Split Squats,3
22,Lower Body B,Barbell Hip Thrusts or Glute Bridges,Single-Leg Glute Bridges,3
22,Lower Body B,Leg Extension Machine or Goblet Step-Ups,Bodyweight Step-Ups or Sissy Squats,3
22,Lower Body B,Farmer's Carries,Loaded Water Jug / Backpack Carries,3
22,Lower Body B,Pallof Press,Side Plank or Towel ISO Press,3
22,Upper Body B,Dead Bugs,Dead Bugs,3
22,Upper Body B,Incline Dumbbell Bench Press,Push-Ups / Incline Push-Ups,3
22,Upper Body B,Barbell or Chest-Supported Rows,Towel Door Rows or Table Inverted Rows,3
22,Upper Body B,Dumbbell Lateral Raises,Wall Lateral ISO Raises or Backpack Raises,3
22,Upper Body B,Face Pulls,Doorframe Rear Delt Flyes / Prone Y-T-W Raises,3
22,Upper Body B,Dumbbell Biceps Curls,Doorframe ISO Curls or Loaded Backpack Curls,3
22,Extra Upper,Incline Dumbbell Bench Press,Push-Ups / Incline Push-Ups,3
22,Extra Upper,Single-Arm Dumbbell Rows,Towel Door Rows or Table Inverted Rows,3
22,Extra Upper,Face Pulls,Doorframe Rear Delt Flyes / Prone Y-T-W Raises,3
22,Extra Upper,Hammer Curls,Backpack Hammer Curls,3
22,Extra Upper,Hanging Knee Raises or Ab Wheel Rollouts,Floor Leg Raises or Bodyweight Wall Rollouts,3
22,Bonus Core,Dead Bugs,Dead Bugs,3
22,Bonus Core,Side Plank,Side Plank,3
22,Bonus Core,Plank Hold,Plank Hold,3
22,Bonus Core,Pallof Press,Side Plank or Towel ISO Press,3
23,Upper Body A,Side Plank,Side Plank,3
23,Upper Body A,Barbell or Dumbbell Bench Press,Push-Ups / Incline Push-Ups,3
23,Upper Body A,Single-Arm Dumbbell Rows,Towel Door Rows or Table Inverted Rows,3
23,Upper Body A,Overhead Dumbbell Shoulder Press,Pike Push-Ups,3
23,Upper Body A,Lat Pulldowns or Cable Rows,Doorframe Towel Rows or Sliding Floor Lat Pulls,3
23,Upper Body A,Triceps Cable Pushdowns or Overhead Extensions,Bench Dips or Bodyweight Triceps Extensions,3
23,Lower Body A,Barbell Back Squats or Goblet Squats,Bodyweight Squats or Tempo Squats,3
23,Lower Body A,Romanian Deadlifts (RDLs),Bodyweight Single-Leg RDLs,3
23,Lower Body A,Walking Lunges,Bodyweight Walking or Reverse Lunges,3
23,Lower Body A,Leg Curl Machine or Swiss Ball Hamstring Curls,Hamstring Walkouts,3
23,Lower Body A,Standing Calf Raises,Single-Leg Bodyweight Calf Raises,3
23,Lower Body A,Plank Hold,Plank Hold,3
23,Upper Body B,Pallof Press,Side Plank or Towel ISO Press,3
23,Upper Body B,Incline Dumbbell Bench Press,Push-Ups / Incline Push-Ups,3
23,Upper Body B,Barbell or Chest-Supported Rows,Towel Door Rows or Table Inverted Rows,3
23,Upper Body B,Dumbbell Lateral Raises,Wall Lateral ISO Raises or Backpack Raises,3
23,Upper Body B,Face Pulls,Doorframe Rear Delt Flyes / Prone Y-T-W Raises,3
23,Upper Body B,Dumbbell Biceps Curls,Doorframe ISO Curls or Loaded Backpack Curls,3
23,Extra Upper,Incline Dumbbell Bench Press,Push-Ups / Incline Push-Ups,3
23,Extra Upper,Single-Arm Dumbbell Rows,Towel Door Rows or Table Inverted Rows,3
23,Extra Upper,Face Pulls,Doorframe Rear Delt Flyes / Prone Y-T-W Raises,3
23,Extra Upper,Hammer Curls,Backpack Hammer Curls,3
23,Extra Upper,Dead Bugs,Dead Bugs,3
23,Bonus Core,Dead Bugs,Dead Bugs,3
23,Bonus Core,Side Plank,Side Plank,3
23,Bonus Core,Plank Hold,Plank Hold,3
23,Bonus Core,Pallof Press,Side Plank or Towel ISO Press,3
24,Upper Body A,Hanging Knee Raises or Ab Wheel Rollouts,Floor Leg Raises or Bodyweight Wall Rollouts,3
24,Upper Body A,Barbell or Dumbbell Bench Press,Push-Ups / Incline Push-Ups,3
24,Upper Body A,Single-Arm Dumbbell Rows,Towel Door Rows or Table Inverted Rows,3
24,Upper Body A,Overhead Dumbbell Shoulder Press,Pike Push-Ups,3
24,Upper Body A,Lat Pulldowns or Cable Rows,Doorframe Towel Rows or Sliding Floor Lat Pulls,3
24,Upper Body A,Triceps Cable Pushdowns or Overhead Extensions,Bench Dips or Bodyweight Triceps Extensions,3
24,Lower Body B,Trap Bar Deadlifts or Barbell Conventional Deadlifts,Single-Leg Good Mornings or Heavy Object Deadlifts,3
24,Lower Body B,Bulgarian Split Squats,Bodyweight Bulgarian Split Squats,3
24,Lower Body B,Barbell Hip Thrusts or Glute Bridges,Single-Leg Glute Bridges,3
24,Lower Body B,Leg Extension Machine or Goblet Step-Ups,Bodyweight Step-Ups or Sissy Squats,3
24,Lower Body B,Farmer's Carries,Loaded Water Jug / Backpack Carries,3
24,Lower Body B,Side Plank,Side Plank,3
24,Upper Body B,Plank Hold,Plank Hold,3
24,Upper Body B,Incline Dumbbell Bench Press,Push-Ups / Incline Push-Ups,3
24,Upper Body B,Barbell or Chest-Supported Rows,Towel Door Rows or Table Inverted Rows,3
24,Upper Body B,Dumbbell Lateral Raises,Wall Lateral ISO Raises or Backpack Raises,3
24,Upper Body B,Face Pulls,Doorframe Rear Delt Flyes / Prone Y-T-W Raises,3
24,Upper Body B,Dumbbell Biceps Curls,Doorframe ISO Curls or Loaded Backpack Curls,3
24,Extra Upper,Incline Dumbbell Bench Press,Push-Ups / Incline Push-Ups,3
24,Extra Upper,Single-Arm Dumbbell Rows,Towel Door Rows or Table Inverted Rows,3
24,Extra Upper,Face Pulls,Doorframe Rear Delt Flyes / Prone Y-T-W Raises,3
24,Extra Upper,Hammer Curls,Backpack Hammer Curls,3
24,Extra Upper,Pallof Press,Side Plank or Towel ISO Press,3
24,Bonus Core,Dead Bugs,Dead Bugs,3
24,Bonus Core,Side Plank,Side Plank,3
24,Bonus Core,Plank Hold,Plank Hold,3
24,Bonus Core,Pallof Press,Side Plank or Towel ISO Press,3
25,Upper Body A,Dead Bugs,Dead Bugs,3
25,Upper Body A,Barbell or Dumbbell Bench Press,Push-Ups / Incline Push-Ups,3
25,Upper Body A,Single-Arm Dumbbell Rows,Towel Door Rows or Table Inverted Rows,3
25,Upper Body A,Overhead Dumbbell Shoulder Press,Pike Push-Ups,3
25,Upper Body A,Lat Pulldowns or Cable Rows,Doorframe Towel Rows or Sliding Floor Lat Pulls,3
25,Upper Body A,Triceps Cable Pushdowns or Overhead Extensions,Bench Dips or Bodyweight Triceps Extensions,3
25,Lower Body A,Barbell Back Squats or Goblet Squats,Bodyweight Squats or Tempo Squats,3
25,Lower Body A,Romanian Deadlifts (RDLs),Bodyweight Single-Leg RDLs,3
25,Lower Body A,Walking Lunges,Bodyweight Walking or Reverse Lunges,3
25,Lower Body A,Leg Curl Machine or Swiss Ball Hamstring Curls,Hamstring Walkouts,3
25,Lower Body A,Standing Calf Raises,Single-Leg Bodyweight Calf Raises,3
25,Lower Body A,Hanging Knee Raises or Ab Wheel Rollouts,Floor Leg Raises or Bodyweight Wall Rollouts,3
25,Upper Body B,Side Plank,Side Plank,3
25,Upper Body B,Incline Dumbbell Bench Press,Push-Ups / Incline Push-Ups,3
25,Upper Body B,Barbell or Chest-Supported Rows,Towel Door Rows or Table Inverted Rows,3
25,Upper Body B,Dumbbell Lateral Raises,Wall Lateral ISO Raises or Backpack Raises,3
25,Upper Body B,Face Pulls,Doorframe Rear Delt Flyes / Prone Y-T-W Raises,3
25,Upper Body B,Dumbbell Biceps Curls,Doorframe ISO Curls or Loaded Backpack Curls,3
25,Extra Upper,Dumbbell or Barbell Shrugs,Backpack Shrugs,3
25,Extra Upper,Dumbbell Lateral Raises,Wall Lateral ISO Raises or Backpack Raises,3
25,Extra Upper,Lying Triceps Extensions (Skull Crushers),Close-Grip Push-Ups or Backpack Skull Crushers,3
25,Extra Upper,Dumbbell Biceps Curls,Doorframe ISO Curls or Loaded Backpack Curls,3
25,Extra Upper,Plank Hold,Plank Hold,3
25,Bonus Core,Dead Bugs,Dead Bugs,3
25,Bonus Core,Side Plank,Side Plank,3
25,Bonus Core,Plank Hold,Plank Hold,3
25,Bonus Core,Pallof Press,Side Plank or Towel ISO Press,3
26,Upper Body A,Pallof Press,Side Plank or Towel ISO Press,3
26,Upper Body A,Barbell or Dumbbell Bench Press,Push-Ups / Incline Push-Ups,3
26,Upper Body A,Single-Arm Dumbbell Rows,Towel Door Rows or Table Inverted Rows,3
26,Upper Body A,Overhead Dumbbell Shoulder Press,Pike Push-Ups,3
26,Upper Body A,Lat Pulldowns or Cable Rows,Doorframe Towel Rows or Sliding Floor Lat Pulls,3
26,Upper Body A,Triceps Cable Pushdowns or Overhead Extensions,Bench Dips or Bodyweight Triceps Extensions,3
26,Lower Body B,Trap Bar Deadlifts or Barbell Conventional Deadlifts,Single-Leg Good Mornings or Heavy Object Deadlifts,3
26,Lower Body B,Bulgarian Split Squats,Bodyweight Bulgarian Split Squats,3
26,Lower Body B,Barbell Hip Thrusts or Glute Bridges,Single-Leg Glute Bridges,3
26,Lower Body B,Leg Extension Machine or Goblet Step-Ups,Bodyweight Step-Ups or Sissy Squats,3
26,Lower Body B,Farmer's Carries,Loaded Water Jug / Backpack Carries,3
26,Lower Body B,Dead Bugs,Dead Bugs,3
26,Upper Body B,Hanging Knee Raises or Ab Wheel Rollouts,Floor Leg Raises or Bodyweight Wall Rollouts,3
26,Upper Body B,Incline Dumbbell Bench Press,Push-Ups / Incline Push-Ups,3
26,Upper Body B,Barbell or Chest-Supported Rows,Towel Door Rows or Table Inverted Rows,3
26,Upper Body B,Dumbbell Lateral Raises,Wall Lateral ISO Raises or Backpack Raises,3
26,Upper Body B,Face Pulls,Doorframe Rear Delt Flyes / Prone Y-T-W Raises,3
26,Upper Body B,Dumbbell Biceps Curls,Doorframe ISO Curls or Loaded Backpack Curls,3
26,Extra Upper,Dumbbell or Barbell Shrugs,Backpack Shrugs,3
26,Extra Upper,Dumbbell Lateral Raises,Wall Lateral ISO Raises or Backpack Raises,3
26,Extra Upper,Lying Triceps Extensions (Skull Crushers),Close-Grip Push-Ups or Backpack Skull Crushers,3
26,Extra Upper,Dumbbell Biceps Curls,Doorframe ISO Curls or Loaded Backpack Curls,3
26,Extra Upper,Side Plank,Side Plank,3
26,Bonus Core,Dead Bugs,Dead Bugs,3
26,Bonus Core,Side Plank,Side Plank,3
26,Bonus Core,Plank Hold,Plank Hold,3
26,Bonus Core,Pallof Press,Side Plank or Towel ISO Press,3
27,Upper Body A,Plank Hold,Plank Hold,3
27,Upper Body A,Barbell or Dumbbell Bench Press,Push-Ups / Incline Push-Ups,3
27,Upper Body A,Single-Arm Dumbbell Rows,Towel Door Rows or Table Inverted Rows,3
27,Upper Body A,Overhead Dumbbell Shoulder Press,Pike Push-Ups,3
27,Upper Body A,Lat Pulldowns or Cable Rows,Doorframe Towel Rows or Sliding Floor Lat Pulls,3
27,Upper Body A,Triceps Cable Pushdowns or Overhead Extensions,Bench Dips or Bodyweight Triceps Extensions,3
27,Lower Body A,Barbell Back Squats or Goblet Squats,Bodyweight Squats or Tempo Squats,3
27,Lower Body A,Romanian Deadlifts (RDLs),Bodyweight Single-Leg RDLs,3
27,Lower Body A,Walking Lunges,Bodyweight Walking or Reverse Lunges,3
27,Lower Body A,Leg Curl Machine or Swiss Ball Hamstring Curls,Hamstring Walkouts,3
27,Lower Body A,Standing Calf Raises,Single-Leg Bodyweight Calf Raises,3
27,Lower Body A,Pallof Press,Side Plank or Towel ISO Press,3
27,Upper Body B,Dead Bugs,Dead Bugs,3
27,Upper Body B,Incline Dumbbell Bench Press,Push-Ups / Incline Push-Ups,3
27,Upper Body B,Barbell or Chest-Supported Rows,Towel Door Rows or Table Inverted Rows,3
27,Upper Body B,Dumbbell Lateral Raises,Wall Lateral ISO Raises or Backpack Raises,3
27,Upper Body B,Face Pulls,Doorframe Rear Delt Flyes / Prone Y-T-W Raises,3
27,Upper Body B,Dumbbell Biceps Curls,Doorframe ISO Curls or Loaded Backpack Curls,3
27,Extra Upper,Dumbbell or Barbell Shrugs,Backpack Shrugs,3
27,Extra Upper,Dumbbell Lateral Raises,Wall Lateral ISO Raises or Backpack Raises,3
27,Extra Upper,Lying Triceps Extensions (Skull Crushers),Close-Grip Push-Ups or Backpack Skull Crushers,3
27,Extra Upper,Dumbbell Biceps Curls,Doorframe ISO Curls or Loaded Backpack Curls,3
27,Extra Upper,Hanging Knee Raises or Ab Wheel Rollouts,Floor Leg Raises or Bodyweight Wall Rollouts,3
27,Bonus Core,Dead Bugs,Dead Bugs,3
27,Bonus Core,Side Plank,Side Plank,3
27,Bonus Core,Plank Hold,Plank Hold,3
27,Bonus Core,Pallof Press,Side Plank or Towel ISO Press,3
28,Upper Body A,Side Plank,Side Plank,3
28,Upper Body A,Barbell or Dumbbell Bench Press,Push-Ups / Incline Push-Ups,3
28,Upper Body A,Single-Arm Dumbbell Rows,Towel Door Rows or Table Inverted Rows,3
28,Upper Body A,Overhead Dumbbell Shoulder Press,Pike Push-Ups,3
28,Upper Body A,Lat Pulldowns or Cable Rows,Doorframe Towel Rows or Sliding Floor Lat Pulls,3
28,Upper Body A,Triceps Cable Pushdowns or Overhead Extensions,Bench Dips or Bodyweight Triceps Extensions,3
28,Lower Body B,Trap Bar Deadlifts or Barbell Conventional Deadlifts,Single-Leg Good Mornings or Heavy Object Deadlifts,3
28,Lower Body B,Bulgarian Split Squats,Bodyweight Bulgarian Split Squats,3
28,Lower Body B,Barbell Hip Thrusts or Glute Bridges,Single-Leg Glute Bridges,3
28,Lower Body B,Leg Extension Machine or Goblet Step-Ups,Bodyweight Step-Ups or Sissy Squats,3
28,Lower Body B,Farmer's Carries,Loaded Water Jug / Backpack Carries,3
28,Lower Body B,Plank Hold,Plank Hold,3
28,Upper Body B,Pallof Press,Side Plank or Towel ISO Press,3
28,Upper Body B,Incline Dumbbell Bench Press,Push-Ups / Incline Push-Ups,3
28,Upper Body B,Barbell or Chest-Supported Rows,Towel Door Rows or Table Inverted Rows,3
28,Upper Body B,Dumbbell Lateral Raises,Wall Lateral ISO Raises or Backpack Raises,3
28,Upper Body B,Face Pulls,Doorframe Rear Delt Flyes / Prone Y-T-W Raises,3
28,Upper Body B,Dumbbell Biceps Curls,Doorframe ISO Curls or Loaded Backpack Curls,3
28,Extra Upper,Dumbbell or Barbell Shrugs,Backpack Shrugs,3
28,Extra Upper,Dumbbell Lateral Raises,Wall Lateral ISO Raises or Backpack Raises,3
28,Extra Upper,Lying Triceps Extensions (Skull Crushers),Close-Grip Push-Ups or Backpack Skull Crushers,3
28,Extra Upper,Dumbbell Biceps Curls,Doorframe ISO Curls or Loaded Backpack Curls,3
28,Extra Upper,Dead Bugs,Dead Bugs,3
28,Bonus Core,Dead Bugs,Dead Bugs,3
28,Bonus Core,Side Plank,Side Plank,3
28,Bonus Core,Plank Hold,Plank Hold,3
28,Bonus Core,Pallof Press,Side Plank or Towel ISO Press,3
29,Upper Body A,Hanging Knee Raises or Ab Wheel Rollouts,Floor Leg Raises or Bodyweight Wall Rollouts,3
29,Upper Body A,Barbell or Dumbbell Bench Press,Push-Ups / Incline Push-Ups,3
29,Upper Body A,Single-Arm Dumbbell Rows,Towel Door Rows or Table Inverted Rows,3
29,Upper Body A,Overhead Dumbbell Shoulder Press,Pike Push-Ups,3
29,Upper Body A,Lat Pulldowns or Cable Rows,Doorframe Towel Rows or Sliding Floor Lat Pulls,3
29,Upper Body A,Triceps Cable Pushdowns or Overhead Extensions,Bench Dips or Bodyweight Triceps Extensions,3
29,Lower Body A,Barbell Back Squats or Goblet Squats,Bodyweight Squats or Tempo Squats,3
29,Lower Body A,Romanian Deadlifts (RDLs),Bodyweight Single-Leg RDLs,3
29,Lower Body A,Walking Lunges,Bodyweight Walking or Reverse Lunges,3
29,Lower Body A,Leg Curl Machine or Swiss Ball Hamstring Curls,Hamstring Walkouts,3
29,Lower Body A,Standing Calf Raises,Single-Leg Bodyweight Calf Raises,3
29,Lower Body A,Side Plank,Side Plank,3
29,Upper Body B,Plank Hold,Plank Hold,3
29,Upper Body B,Incline Dumbbell Bench Press,Push-Ups / Incline Push-Ups,3
29,Upper Body B,Barbell or Chest-Supported Rows,Towel Door Rows or Table Inverted Rows,3
29,Upper Body B,Dumbbell Lateral Raises,Wall Lateral ISO Raises or Backpack Raises,3
29,Upper Body B,Face Pulls,Doorframe Rear Delt Flyes / Prone Y-T-W Raises,3
29,Upper Body B,Dumbbell Biceps Curls,Doorframe ISO Curls or Loaded Backpack Curls,3
29,Extra Upper,Dumbbell or Barbell Shrugs,Backpack Shrugs,3
29,Extra Upper,Dumbbell Lateral Raises,Wall Lateral ISO Raises or Backpack Raises,3
29,Extra Upper,Lying Triceps Extensions (Skull Crushers),Close-Grip Push-Ups or Backpack Skull Crushers,3
29,Extra Upper,Dumbbell Biceps Curls,Doorframe ISO Curls or Loaded Backpack Curls,3
29,Extra Upper,Pallof Press,Side Plank or Towel ISO Press,3
29,Bonus Core,Dead Bugs,Dead Bugs,3
29,Bonus Core,Side Plank,Side Plank,3
29,Bonus Core,Plank Hold,Plank Hold,3
29,Bonus Core,Pallof Press,Side Plank or Towel ISO Press,3
30,Upper Body A,Dead Bugs,Dead Bugs,3
30,Upper Body A,Barbell or Dumbbell Bench Press,Push-Ups / Incline Push-Ups,3
30,Upper Body A,Single-Arm Dumbbell Rows,Towel Door Rows or Table Inverted Rows,3
30,Upper Body A,Overhead Dumbbell Shoulder Press,Pike Push-Ups,3
30,Upper Body A,Lat Pulldowns or Cable Rows,Doorframe Towel Rows or Sliding Floor Lat Pulls,3
30,Upper Body A,Triceps Cable Pushdowns or Overhead Extensions,Bench Dips or Bodyweight Triceps Extensions,3
30,Lower Body B,Trap Bar Deadlifts or Barbell Conventional Deadlifts,Single-Leg Good Mornings or Heavy Object Deadlifts,3
30,Lower Body B,Bulgarian Split Squats,Bodyweight Bulgarian Split Squats,3
30,Lower Body B,Barbell Hip Thrusts or Glute Bridges,Single-Leg Glute Bridges,3
30,Lower Body B,Leg Extension Machine or Goblet Step-Ups,Bodyweight Step-Ups or Sissy Squats,3
30,Lower Body B,Farmer's Carries,Loaded Water Jug / Backpack Carries,3
30,Lower Body B,Hanging Knee Raises or Ab Wheel Rollouts,Floor Leg Raises or Bodyweight Wall Rollouts,3
30,Upper Body B,Side Plank,Side Plank,3
30,Upper Body B,Incline Dumbbell Bench Press,Push-Ups / Incline Push-Ups,3
30,Upper Body B,Barbell or Chest-Supported Rows,Towel Door Rows or Table Inverted Rows,3
30,Upper Body B,Dumbbell Lateral Raises,Wall Lateral ISO Raises or Backpack Raises,3
30,Upper Body B,Face Pulls,Doorframe Rear Delt Flyes / Prone Y-T-W Raises,3
30,Upper Body B,Dumbbell Biceps Curls,Doorframe ISO Curls or Loaded Backpack Curls,3
30,Extra Upper,Dumbbell or Barbell Shrugs,Backpack Shrugs,3
30,Extra Upper,Dumbbell Lateral Raises,Wall Lateral ISO Raises or Backpack Raises,3
30,Extra Upper,Lying Triceps Extensions (Skull Crushers),Close-Grip Push-Ups or Backpack Skull Crushers,3
30,Extra Upper,Dumbbell Biceps Curls,Doorframe ISO Curls or Loaded Backpack Curls,3
30,Extra Upper,Plank Hold,Plank Hold,3
30,Bonus Core,Dead Bugs,Dead Bugs,3
30,Bonus Core,Side Plank,Side Plank,3
30,Bonus Core,Plank Hold,Plank Hold,3
30,Bonus Core,Pallof Press,Side Plank or Towel ISO Press,3
31,Upper Body A,Pallof Press,Side Plank or Towel ISO Press,3
31,Upper Body A,Barbell or Dumbbell Bench Press,Push-Ups / Incline Push-Ups,3
31,Upper Body A,Single-Arm Dumbbell Rows,Towel Door Rows or Table Inverted Rows,3
31,Upper Body A,Overhead Dumbbell Shoulder Press,Pike Push-Ups,3
31,Upper Body A,Lat Pulldowns or Cable Rows,Doorframe Towel Rows or Sliding Floor Lat Pulls,3
31,Upper Body A,Triceps Cable Pushdowns or Overhead Extensions,Bench Dips or Bodyweight Triceps Extensions,3
31,Lower Body A,Barbell Back Squats or Goblet Squats,Bodyweight Squats or Tempo Squats,3
31,Lower Body A,Romanian Deadlifts (RDLs),Bodyweight Single-Leg RDLs,3
31,Lower Body A,Walking Lunges,Bodyweight Walking or Reverse Lunges,3
31,Lower Body A,Leg Curl Machine or Swiss Ball Hamstring Curls,Hamstring Walkouts,3
31,Lower Body A,Standing Calf Raises,Single-Leg Bodyweight Calf Raises,3
31,Lower Body A,Dead Bugs,Dead Bugs,3
31,Upper Body B,Hanging Knee Raises or Ab Wheel Rollouts,Floor Leg Raises or Bodyweight Wall Rollouts,3
31,Upper Body B,Incline Dumbbell Bench Press,Push-Ups / Incline Push-Ups,3
31,Upper Body B,Barbell or Chest-Supported Rows,Towel Door Rows or Table Inverted Rows,3
31,Upper Body B,Dumbbell Lateral Raises,Wall Lateral ISO Raises or Backpack Raises,3
31,Upper Body B,Face Pulls,Doorframe Rear Delt Flyes / Prone Y-T-W Raises,3
31,Upper Body B,Dumbbell Biceps Curls,Doorframe ISO Curls or Loaded Backpack Curls,3
31,Extra Upper,Straight-Arm Pulldowns or Dumbbell Pullovers,Floor Pullovers or Towel Straight-Arm Pulls,3
31,Extra Upper,Face Pulls,Doorframe Rear Delt Flyes / Prone Y-T-W Raises,3
31,Extra Upper,Triceps Cable Pushdowns or Overhead Extensions,Bench Dips or Bodyweight Triceps Extensions,3
31,Extra Upper,Hammer Curls,Backpack Hammer Curls,3
31,Extra Upper,Side Plank,Side Plank,3
31,Bonus Core,Dead Bugs,Dead Bugs,3
31,Bonus Core,Side Plank,Side Plank,3
31,Bonus Core,Plank Hold,Plank Hold,3
31,Bonus Core,Pallof Press,Side Plank or Towel ISO Press,3
32,Upper Body A,Plank Hold,Plank Hold,3
32,Upper Body A,Barbell or Dumbbell Bench Press,Push-Ups / Incline Push-Ups,3
32,Upper Body A,Single-Arm Dumbbell Rows,Towel Door Rows or Table Inverted Rows,3
32,Upper Body A,Overhead Dumbbell Shoulder Press,Pike Push-Ups,3
32,Upper Body A,Lat Pulldowns or Cable Rows,Doorframe Towel Rows or Sliding Floor Lat Pulls,3
32,Upper Body A,Triceps Cable Pushdowns or Overhead Extensions,Bench Dips or Bodyweight Triceps Extensions,3
32,Lower Body B,Trap Bar Deadlifts or Barbell Conventional Deadlifts,Single-Leg Good Mornings or Heavy Object Deadlifts,3
32,Lower Body B,Bulgarian Split Squats,Bodyweight Bulgarian Split Squats,3
32,Lower Body B,Barbell Hip Thrusts or Glute Bridges,Single-Leg Glute Bridges,3
32,Lower Body B,Leg Extension Machine or Goblet Step-Ups,Bodyweight Step-Ups or Sissy Squats,3
32,Lower Body B,Farmer's Carries,Loaded Water Jug / Backpack Carries,3
32,Lower Body B,Pallof Press,Side Plank or Towel ISO Press,3
32,Upper Body B,Dead Bugs,Dead Bugs,3
32,Upper Body B,Incline Dumbbell Bench Press,Push-Ups / Incline Push-Ups,3
32,Upper Body B,Barbell or Chest-Supported Rows,Towel Door Rows or Table Inverted Rows,3
32,Upper Body B,Dumbbell Lateral Raises,Wall Lateral ISO Raises or Backpack Raises,3
32,Upper Body B,Face Pulls,Doorframe Rear Delt Flyes / Prone Y-T-W Raises,3
32,Upper Body B,Dumbbell Biceps Curls,Doorframe ISO Curls or Loaded Backpack Curls,3
32,Extra Upper,Straight-Arm Pulldowns or Dumbbell Pullovers,Floor Pullovers or Towel Straight-Arm Pulls,3
32,Extra Upper,Face Pulls,Doorframe Rear Delt Flyes / Prone Y-T-W Raises,3
32,Extra Upper,Triceps Cable Pushdowns or Overhead Extensions,Bench Dips or Bodyweight Triceps Extensions,3
32,Extra Upper,Hammer Curls,Backpack Hammer Curls,3
32,Extra Upper,Hanging Knee Raises or Ab Wheel Rollouts,Floor Leg Raises or Bodyweight Wall Rollouts,3
32,Bonus Core,Dead Bugs,Dead Bugs,3
32,Bonus Core,Side Plank,Side Plank,3
32,Bonus Core,Plank Hold,Plank Hold,3
32,Bonus Core,Pallof Press,Side Plank or Towel ISO Press,3
33,Upper Body A,Side Plank,Side Plank,3
33,Upper Body A,Barbell or Dumbbell Bench Press,Push-Ups / Incline Push-Ups,3
33,Upper Body A,Single-Arm Dumbbell Rows,Towel Door Rows or Table Inverted Rows,3
33,Upper Body A,Overhead Dumbbell Shoulder Press,Pike Push-Ups,3
33,Upper Body A,Lat Pulldowns or Cable Rows,Doorframe Towel Rows or Sliding Floor Lat Pulls,3
33,Upper Body A,Triceps Cable Pushdowns or Overhead Extensions,Bench Dips or Bodyweight Triceps Extensions,3
33,Lower Body A,Barbell Back Squats or Goblet Squats,Bodyweight Squats or Tempo Squats,3
33,Lower Body A,Romanian Deadlifts (RDLs),Bodyweight Single-Leg RDLs,3
33,Lower Body A,Walking Lunges,Bodyweight Walking or Reverse Lunges,3
33,Lower Body A,Leg Curl Machine or Swiss Ball Hamstring Curls,Hamstring Walkouts,3
33,Lower Body A,Standing Calf Raises,Single-Leg Bodyweight Calf Raises,3
33,Lower Body A,Plank Hold,Plank Hold,3
33,Upper Body B,Pallof Press,Side Plank or Towel ISO Press,3
33,Upper Body B,Incline Dumbbell Bench Press,Push-Ups / Incline Push-Ups,3
33,Upper Body B,Barbell or Chest-Supported Rows,Towel Door Rows or Table Inverted Rows,3
33,Upper Body B,Dumbbell Lateral Raises,Wall Lateral ISO Raises or Backpack Raises,3
33,Upper Body B,Face Pulls,Doorframe Rear Delt Flyes / Prone Y-T-W Raises,3
33,Upper Body B,Dumbbell Biceps Curls,Doorframe ISO Curls or Loaded Backpack Curls,3
33,Extra Upper,Straight-Arm Pulldowns or Dumbbell Pullovers,Floor Pullovers or Towel Straight-Arm Pulls,3
33,Extra Upper,Face Pulls,Doorframe Rear Delt Flyes / Prone Y-T-W Raises,3
33,Extra Upper,Triceps Cable Pushdowns or Overhead Extensions,Bench Dips or Bodyweight Triceps Extensions,3
33,Extra Upper,Hammer Curls,Backpack Hammer Curls,3
33,Extra Upper,Dead Bugs,Dead Bugs,3
33,Bonus Core,Dead Bugs,Dead Bugs,3
33,Bonus Core,Side Plank,Side Plank,3
33,Bonus Core,Plank Hold,Plank Hold,3
33,Bonus Core,Pallof Press,Side Plank or Towel ISO Press,3
34,Upper Body A,Hanging Knee Raises or Ab Wheel Rollouts,Floor Leg Raises or Bodyweight Wall Rollouts,3
34,Upper Body A,Barbell or Dumbbell Bench Press,Push-Ups / Incline Push-Ups,3
34,Upper Body A,Single-Arm Dumbbell Rows,Towel Door Rows or Table Inverted Rows,3
34,Upper Body A,Overhead Dumbbell Shoulder Press,Pike Push-Ups,3
34,Upper Body A,Lat Pulldowns or Cable Rows,Doorframe Towel Rows or Sliding Floor Lat Pulls,3
34,Upper Body A,Triceps Cable Pushdowns or Overhead Extensions,Bench Dips or Bodyweight Triceps Extensions,3
34,Lower Body B,Trap Bar Deadlifts or Barbell Conventional Deadlifts,Single-Leg Good Mornings or Heavy Object Deadlifts,3
34,Lower Body B,Bulgarian Split Squats,Bodyweight Bulgarian Split Squats,3
34,Lower Body B,Barbell Hip Thrusts or Glute Bridges,Single-Leg Glute Bridges,3
34,Lower Body B,Leg Extension Machine or Goblet Step-Ups,Bodyweight Step-Ups or Sissy Squats,3
34,Lower Body B,Farmer's Carries,Loaded Water Jug / Backpack Carries,3
34,Lower Body B,Side Plank,Side Plank,3
34,Upper Body B,Plank Hold,Plank Hold,3
34,Upper Body B,Incline Dumbbell Bench Press,Push-Ups / Incline Push-Ups,3
34,Upper Body B,Barbell or Chest-Supported Rows,Towel Door Rows or Table Inverted Rows,3
34,Upper Body B,Dumbbell Lateral Raises,Wall Lateral ISO Raises or Backpack Raises,3
34,Upper Body B,Face Pulls,Doorframe Rear Delt Flyes / Prone Y-T-W Raises,3
34,Upper Body B,Dumbbell Biceps Curls,Doorframe ISO Curls or Loaded Backpack Curls,3
34,Extra Upper,Straight-Arm Pulldowns or Dumbbell Pullovers,Floor Pullovers or Towel Straight-Arm Pulls,3
34,Extra Upper,Face Pulls,Doorframe Rear Delt Flyes / Prone Y-T-W Raises,3
34,Extra Upper,Triceps Cable Pushdowns or Overhead Extensions,Bench Dips or Bodyweight Triceps Extensions,3
34,Extra Upper,Hammer Curls,Backpack Hammer Curls,3
34,Extra Upper,Pallof Press,Side Plank or Towel ISO Press,3
34,Bonus Core,Dead Bugs,Dead Bugs,3
34,Bonus Core,Side Plank,Side Plank,3
34,Bonus Core,Plank Hold,Plank Hold,3
34,Bonus Core,Pallof Press,Side Plank or Towel ISO Press,3
35,Upper Body A,Dead Bugs,Dead Bugs,3
35,Upper Body A,Barbell or Dumbbell Bench Press,Push-Ups / Incline Push-Ups,3
35,Upper Body A,Single-Arm Dumbbell Rows,Towel Door Rows or Table Inverted Rows,3
35,Upper Body A,Overhead Dumbbell Shoulder Press,Pike Push-Ups,3
35,Upper Body A,Lat Pulldowns or Cable Rows,Doorframe Towel Rows or Sliding Floor Lat Pulls,3
35,Upper Body A,Triceps Cable Pushdowns or Overhead Extensions,Bench Dips or Bodyweight Triceps Extensions,3
35,Lower Body A,Barbell Back Squats or Goblet Squats,Bodyweight Squats or Tempo Squats,3
35,Lower Body A,Romanian Deadlifts (RDLs),Bodyweight Single-Leg RDLs,3
35,Lower Body A,Walking Lunges,Bodyweight Walking or Reverse Lunges,3
35,Lower Body A,Leg Curl Machine or Swiss Ball Hamstring Curls,Hamstring Walkouts,3
35,Lower Body A,Standing Calf Raises,Single-Leg Bodyweight Calf Raises,3
35,Lower Body A,Hanging Knee Raises or Ab Wheel Rollouts,Floor Leg Raises or Bodyweight Wall Rollouts,3
35,Upper Body B,Side Plank,Side Plank,3
35,Upper Body B,Incline Dumbbell Bench Press,Push-Ups / Incline Push-Ups,3
35,Upper Body B,Barbell or Chest-Supported Rows,Towel Door Rows or Table Inverted Rows,3
35,Upper Body B,Dumbbell Lateral Raises,Wall Lateral ISO Raises or Backpack Raises,3
35,Upper Body B,Face Pulls,Doorframe Rear Delt Flyes / Prone Y-T-W Raises,3
35,Upper Body B,Dumbbell Biceps Curls,Doorframe ISO Curls or Loaded Backpack Curls,3
35,Extra Upper,Straight-Arm Pulldowns or Dumbbell Pullovers,Floor Pullovers or Towel Straight-Arm Pulls,3
35,Extra Upper,Face Pulls,Doorframe Rear Delt Flyes / Prone Y-T-W Raises,3
35,Extra Upper,Triceps Cable Pushdowns or Overhead Extensions,Bench Dips or Bodyweight Triceps Extensions,3
35,Extra Upper,Hammer Curls,Backpack Hammer Curls,3
35,Extra Upper,Plank Hold,Plank Hold,3
35,Bonus Core,Dead Bugs,Dead Bugs,3
35,Bonus Core,Side Plank,Side Plank,3
35,Bonus Core,Plank Hold,Plank Hold,3
35,Bonus Core,Pallof Press,Side Plank or Towel ISO Press,3
36,Upper Body A,Pallof Press,Side Plank or Towel ISO Press,3
36,Upper Body A,Barbell or Dumbbell Bench Press,Push-Ups / Incline Push-Ups,3
36,Upper Body A,Single-Arm Dumbbell Rows,Towel Door Rows or Table Inverted Rows,3
36,Upper Body A,Overhead Dumbbell Shoulder Press,Pike Push-Ups,3
36,Upper Body A,Lat Pulldowns or Cable Rows,Doorframe Towel Rows or Sliding Floor Lat Pulls,3
36,Upper Body A,Triceps Cable Pushdowns or Overhead Extensions,Bench Dips or Bodyweight Triceps Extensions,3
36,Lower Body B,Trap Bar Deadlifts or Barbell Conventional Deadlifts,Single-Leg Good Mornings or Heavy Object Deadlifts,3
36,Lower Body B,Bulgarian Split Squats,Bodyweight Bulgarian Split Squats,3
36,Lower Body B,Barbell Hip Thrusts or Glute Bridges,Single-Leg Glute Bridges,3
36,Lower Body B,Leg Extension Machine or Goblet Step-Ups,Bodyweight Step-Ups or Sissy Squats,3
36,Lower Body B,Farmer's Carries,Loaded Water Jug / Backpack Carries,3
36,Lower Body B,Dead Bugs,Dead Bugs,3
36,Upper Body B,Hanging Knee Raises or Ab Wheel Rollouts,Floor Leg Raises or Bodyweight Wall Rollouts,3
36,Upper Body B,Incline Dumbbell Bench Press,Push-Ups / Incline Push-Ups,3
36,Upper Body B,Barbell or Chest-Supported Rows,Towel Door Rows or Table Inverted Rows,3
36,Upper Body B,Dumbbell Lateral Raises,Wall Lateral ISO Raises or Backpack Raises,3
36,Upper Body B,Face Pulls,Doorframe Rear Delt Flyes / Prone Y-T-W Raises,3
36,Upper Body B,Dumbbell Biceps Curls,Doorframe ISO Curls or Loaded Backpack Curls,3
36,Extra Upper,Straight-Arm Pulldowns or Dumbbell Pullovers,Floor Pullovers or Towel Straight-Arm Pulls,3
36,Extra Upper,Face Pulls,Doorframe Rear Delt Flyes / Prone Y-T-W Raises,3
36,Extra Upper,Triceps Cable Pushdowns or Overhead Extensions,Bench Dips or Bodyweight Triceps Extensions,3
36,Extra Upper,Hammer Curls,Backpack Hammer Curls,3
36,Extra Upper,Side Plank,Side Plank,3
36,Bonus Core,Dead Bugs,Dead Bugs,3
36,Bonus Core,Side Plank,Side Plank,3
36,Bonus Core,Plank Hold,Plank Hold,3
36,Bonus Core,Pallof Press,Side Plank or Towel ISO Press,3
37,Upper Body A,Plank Hold,Plank Hold,3
37,Upper Body A,Barbell or Dumbbell Bench Press,Push-Ups / Incline Push-Ups,3
37,Upper Body A,Single-Arm Dumbbell Rows,Towel Door Rows or Table Inverted Rows,3
37,Upper Body A,Overhead Dumbbell Shoulder Press,Pike Push-Ups,3
37,Upper Body A,Lat Pulldowns or Cable Rows,Doorframe Towel Rows or Sliding Floor Lat Pulls,3
37,Upper Body A,Triceps Cable Pushdowns or Overhead Extensions,Bench Dips or Bodyweight Triceps Extensions,3
37,Lower Body A,Barbell Back Squats or Goblet Squats,Bodyweight Squats or Tempo Squats,3
37,Lower Body A,Romanian Deadlifts (RDLs),Bodyweight Single-Leg RDLs,3
37,Lower Body A,Walking Lunges,Bodyweight Walking or Reverse Lunges,3
37,Lower Body A,Leg Curl Machine or Swiss Ball Hamstring Curls,Hamstring Walkouts,3
37,Lower Body A,Standing Calf Raises,Single-Leg Bodyweight Calf Raises,3
37,Lower Body A,Pallof Press,Side Plank or Towel ISO Press,3
37,Upper Body B,Dead Bugs,Dead Bugs,3
37,Upper Body B,Incline Dumbbell Bench Press,Push-Ups / Incline Push-Ups,3
37,Upper Body B,Barbell or Chest-Supported Rows,Towel Door Rows or Table Inverted Rows,3
37,Upper Body B,Dumbbell Lateral Raises,Wall Lateral ISO Raises or Backpack Raises,3
37,Upper Body B,Face Pulls,Doorframe Rear Delt Flyes / Prone Y-T-W Raises,3
37,Upper Body B,Dumbbell Biceps Curls,Doorframe ISO Curls or Loaded Backpack Curls,3
37,Extra Upper,Overhead Dumbbell Shoulder Press,Pike Push-Ups,3
37,Extra Upper,Barbell or Chest-Supported Rows,Towel Door Rows or Table Inverted Rows,3
37,Extra Upper,Dumbbell Lateral Raises,Wall Lateral ISO Raises or Backpack Raises,3
37,Extra Upper,Reverse Wrist Curls,Backpack Reverse Wrist Curls,3
37,Extra Upper,Hanging Knee Raises or Ab Wheel Rollouts,Floor Leg Raises or Bodyweight Wall Rollouts,3
37,Bonus Core,Dead Bugs,Dead Bugs,3
37,Bonus Core,Side Plank,Side Plank,3
37,Bonus Core,Plank Hold,Plank Hold,3
37,Bonus Core,Pallof Press,Side Plank or Towel ISO Press,3
38,Upper Body A,Side Plank,Side Plank,3
38,Upper Body A,Barbell or Dumbbell Bench Press,Push-Ups / Incline Push-Ups,3
38,Upper Body A,Single-Arm Dumbbell Rows,Towel Door Rows or Table Inverted Rows,3
38,Upper Body A,Overhead Dumbbell Shoulder Press,Pike Push-Ups,3
38,Upper Body A,Lat Pulldowns or Cable Rows,Doorframe Towel Rows or Sliding Floor Lat Pulls,3
38,Upper Body A,Triceps Cable Pushdowns or Overhead Extensions,Bench Dips or Bodyweight Triceps Extensions,3
38,Lower Body B,Trap Bar Deadlifts or Barbell Conventional Deadlifts,Single-Leg Good Mornings or Heavy Object Deadlifts,3
38,Lower Body B,Bulgarian Split Squats,Bodyweight Bulgarian Split Squats,3
38,Lower Body B,Barbell Hip Thrusts or Glute Bridges,Single-Leg Glute Bridges,3
38,Lower Body B,Leg Extension Machine or Goblet Step-Ups,Bodyweight Step-Ups or Sissy Squats,3
38,Lower Body B,Farmer's Carries,Loaded Water Jug / Backpack Carries,3
38,Lower Body B,Plank Hold,Plank Hold,3
38,Upper Body B,Pallof Press,Side Plank or Towel ISO Press,3
38,Upper Body B,Incline Dumbbell Bench Press,Push-Ups / Incline Push-Ups,3
38,Upper Body B,Barbell or Chest-Supported Rows,Towel Door Rows or Table Inverted Rows,3
38,Upper Body B,Dumbbell Lateral Raises,Wall Lateral ISO Raises or Backpack Raises,3
38,Upper Body B,Face Pulls,Doorframe Rear Delt Flyes / Prone Y-T-W Raises,3
38,Upper Body B,Dumbbell Biceps Curls,Doorframe ISO Curls or Loaded Backpack Curls,3
38,Extra Upper,Overhead Dumbbell Shoulder Press,Pike Push-Ups,3
38,Extra Upper,Barbell or Chest-Supported Rows,Towel Door Rows or Table Inverted Rows,3
38,Extra Upper,Dumbbell Lateral Raises,Wall Lateral ISO Raises or Backpack Raises,3
38,Extra Upper,Reverse Wrist Curls,Backpack Reverse Wrist Curls,3
38,Extra Upper,Dead Bugs,Dead Bugs,3
38,Bonus Core,Dead Bugs,Dead Bugs,3
38,Bonus Core,Side Plank,Side Plank,3
38,Bonus Core,Plank Hold,Plank Hold,3
38,Bonus Core,Pallof Press,Side Plank or Towel ISO Press,3
39,Upper Body A,Hanging Knee Raises or Ab Wheel Rollouts,Floor Leg Raises or Bodyweight Wall Rollouts,3
39,Upper Body A,Barbell or Dumbbell Bench Press,Push-Ups / Incline Push-Ups,3
39,Upper Body A,Single-Arm Dumbbell Rows,Towel Door Rows or Table Inverted Rows,3
39,Upper Body A,Overhead Dumbbell Shoulder Press,Pike Push-Ups,3
39,Upper Body A,Lat Pulldowns or Cable Rows,Doorframe Towel Rows or Sliding Floor Lat Pulls,3
39,Upper Body A,Triceps Cable Pushdowns or Overhead Extensions,Bench Dips or Bodyweight Triceps Extensions,3
39,Lower Body A,Barbell Back Squats or Goblet Squats,Bodyweight Squats or Tempo Squats,3
39,Lower Body A,Romanian Deadlifts (RDLs),Bodyweight Single-Leg RDLs,3
39,Lower Body A,Walking Lunges,Bodyweight Walking or Reverse Lunges,3
39,Lower Body A,Leg Curl Machine or Swiss Ball Hamstring Curls,Hamstring Walkouts,3
39,Lower Body A,Standing Calf Raises,Single-Leg Bodyweight Calf Raises,3
39,Lower Body A,Side Plank,Side Plank,3
39,Upper Body B,Plank Hold,Plank Hold,3
39,Upper Body B,Incline Dumbbell Bench Press,Push-Ups / Incline Push-Ups,3
39,Upper Body B,Barbell or Chest-Supported Rows,Towel Door Rows or Table Inverted Rows,3
39,Upper Body B,Dumbbell Lateral Raises,Wall Lateral ISO Raises or Backpack Raises,3
39,Upper Body B,Face Pulls,Doorframe Rear Delt Flyes / Prone Y-T-W Raises,3
39,Upper Body B,Dumbbell Biceps Curls,Doorframe ISO Curls or Loaded Backpack Curls,3
39,Extra Upper,Overhead Dumbbell Shoulder Press,Pike Push-Ups,3
39,Extra Upper,Barbell or Chest-Supported Rows,Towel Door Rows or Table Inverted Rows,3
39,Extra Upper,Dumbbell Lateral Raises,Wall Lateral ISO Raises or Backpack Raises,3
39,Extra Upper,Reverse Wrist Curls,Backpack Reverse Wrist Curls,3
39,Extra Upper,Pallof Press,Side Plank or Towel ISO Press,3
39,Bonus Core,Dead Bugs,Dead Bugs,3
39,Bonus Core,Side Plank,Side Plank,3
39,Bonus Core,Plank Hold,Plank Hold,3
39,Bonus Core,Pallof Press,Side Plank or Towel ISO Press,3
40,Upper Body A,Dead Bugs,Dead Bugs,3
40,Upper Body A,Barbell or Dumbbell Bench Press,Push-Ups / Incline Push-Ups,3
40,Upper Body A,Single-Arm Dumbbell Rows,Towel Door Rows or Table Inverted Rows,3
40,Upper Body A,Overhead Dumbbell Shoulder Press,Pike Push-Ups,3
40,Upper Body A,Lat Pulldowns or Cable Rows,Doorframe Towel Rows or Sliding Floor Lat Pulls,3
40,Upper Body A,Triceps Cable Pushdowns or Overhead Extensions,Bench Dips or Bodyweight Triceps Extensions,3
40,Lower Body B,Trap Bar Deadlifts or Barbell Conventional Deadlifts,Single-Leg Good Mornings or Heavy Object Deadlifts,3
40,Lower Body B,Bulgarian Split Squats,Bodyweight Bulgarian Split Squats,3
40,Lower Body B,Barbell Hip Thrusts or Glute Bridges,Single-Leg Glute Bridges,3
40,Lower Body B,Leg Extension Machine or Goblet Step-Ups,Bodyweight Step-Ups or Sissy Squats,3
40,Lower Body B,Farmer's Carries,Loaded Water Jug / Backpack Carries,3
40,Lower Body B,Hanging Knee Raises or Ab Wheel Rollouts,Floor Leg Raises or Bodyweight Wall Rollouts,3
40,Upper Body B,Side Plank,Side Plank,3
40,Upper Body B,Incline Dumbbell Bench Press,Push-Ups / Incline Push-Ups,3
40,Upper Body B,Barbell or Chest-Supported Rows,Towel Door Rows or Table Inverted Rows,3
40,Upper Body B,Dumbbell Lateral Raises,Wall Lateral ISO Raises or Backpack Raises,3
40,Upper Body B,Face Pulls,Doorframe Rear Delt Flyes / Prone Y-T-W Raises,3
40,Upper Body B,Dumbbell Biceps Curls,Doorframe ISO Curls or Loaded Backpack Curls,3
40,Extra Upper,Overhead Dumbbell Shoulder Press,Pike Push-Ups,3
40,Extra Upper,Barbell or Chest-Supported Rows,Towel Door Rows or Table Inverted Rows,3
40,Extra Upper,Dumbbell Lateral Raises,Wall Lateral ISO Raises or Backpack Raises,3
40,Extra Upper,Reverse Wrist Curls,Backpack Reverse Wrist Curls,3
40,Extra Upper,Plank Hold,Plank Hold,3
40,Bonus Core,Dead Bugs,Dead Bugs,3
40,Bonus Core,Side Plank,Side Plank,3
40,Bonus Core,Plank Hold,Plank Hold,3
40,Bonus Core,Pallof Press,Side Plank or Towel ISO Press,3
41,Upper Body A,Pallof Press,Side Plank or Towel ISO Press,3
41,Upper Body A,Barbell or Dumbbell Bench Press,Push-Ups / Incline Push-Ups,3
41,Upper Body A,Single-Arm Dumbbell Rows,Towel Door Rows or Table Inverted Rows,3
41,Upper Body A,Overhead Dumbbell Shoulder Press,Pike Push-Ups,3
41,Upper Body A,Lat Pulldowns or Cable Rows,Doorframe Towel Rows or Sliding Floor Lat Pulls,3
41,Upper Body A,Triceps Cable Pushdowns or Overhead Extensions,Bench Dips or Bodyweight Triceps Extensions,3
41,Lower Body A,Barbell Back Squats or Goblet Squats,Bodyweight Squats or Tempo Squats,3
41,Lower Body A,Romanian Deadlifts (RDLs),Bodyweight Single-Leg RDLs,3
41,Lower Body A,Walking Lunges,Bodyweight Walking or Reverse Lunges,3
41,Lower Body A,Leg Curl Machine or Swiss Ball Hamstring Curls,Hamstring Walkouts,3
41,Lower Body A,Standing Calf Raises,Single-Leg Bodyweight Calf Raises,3
41,Lower Body A,Dead Bugs,Dead Bugs,3
41,Upper Body B,Hanging Knee Raises or Ab Wheel Rollouts,Floor Leg Raises or Bodyweight Wall Rollouts,3
41,Upper Body B,Incline Dumbbell Bench Press,Push-Ups / Incline Push-Ups,3
41,Upper Body B,Barbell or Chest-Supported Rows,Towel Door Rows or Table Inverted Rows,3
41,Upper Body B,Dumbbell Lateral Raises,Wall Lateral ISO Raises or Backpack Raises,3
41,Upper Body B,Face Pulls,Doorframe Rear Delt Flyes / Prone Y-T-W Raises,3
41,Upper Body B,Dumbbell Biceps Curls,Doorframe ISO Curls or Loaded Backpack Curls,3
41,Extra Upper,Overhead Dumbbell Shoulder Press,Pike Push-Ups,3
41,Extra Upper,Barbell or Chest-Supported Rows,Towel Door Rows or Table Inverted Rows,3
41,Extra Upper,Dumbbell Lateral Raises,Wall Lateral ISO Raises or Backpack Raises,3
41,Extra Upper,Reverse Wrist Curls,Backpack Reverse Wrist Curls,3
41,Extra Upper,Side Plank,Side Plank,3
41,Bonus Core,Dead Bugs,Dead Bugs,3
41,Bonus Core,Side Plank,Side Plank,3
41,Bonus Core,Plank Hold,Plank Hold,3
41,Bonus Core,Pallof Press,Side Plank or Towel ISO Press,3
42,Upper Body A,Plank Hold,Plank Hold,3
42,Upper Body A,Barbell or Dumbbell Bench Press,Push-Ups / Incline Push-Ups,3
42,Upper Body A,Single-Arm Dumbbell Rows,Towel Door Rows or Table Inverted Rows,3
42,Upper Body A,Overhead Dumbbell Shoulder Press,Pike Push-Ups,3
42,Upper Body A,Lat Pulldowns or Cable Rows,Doorframe Towel Rows or Sliding Floor Lat Pulls,3
42,Upper Body A,Triceps Cable Pushdowns or Overhead Extensions,Bench Dips or Bodyweight Triceps Extensions,3
42,Lower Body B,Trap Bar Deadlifts or Barbell Conventional Deadlifts,Single-Leg Good Mornings or Heavy Object Deadlifts,3
42,Lower Body B,Bulgarian Split Squats,Bodyweight Bulgarian Split Squats,3
42,Lower Body B,Barbell Hip Thrusts or Glute Bridges,Single-Leg Glute Bridges,3
42,Lower Body B,Leg Extension Machine or Goblet Step-Ups,Bodyweight Step-Ups or Sissy Squats,3
42,Lower Body B,Farmer's Carries,Loaded Water Jug / Backpack Carries,3
42,Lower Body B,Pallof Press,Side Plank or Towel ISO Press,3
42,Upper Body B,Dead Bugs,Dead Bugs,3
42,Upper Body B,Incline Dumbbell Bench Press,Push-Ups / Incline Push-Ups,3
42,Upper Body B,Barbell or Chest-Supported Rows,Towel Door Rows or Table Inverted Rows,3
42,Upper Body B,Dumbbell Lateral Raises,Wall Lateral ISO Raises or Backpack Raises,3
42,Upper Body B,Face Pulls,Doorframe Rear Delt Flyes / Prone Y-T-W Raises,3
42,Upper Body B,Dumbbell Biceps Curls,Doorframe ISO Curls or Loaded Backpack Curls,3
42,Extra Upper,Overhead Dumbbell Shoulder Press,Pike Push-Ups,3
42,Extra Upper,Barbell or Chest-Supported Rows,Towel Door Rows or Table Inverted Rows,3
42,Extra Upper,Dumbbell Lateral Raises,Wall Lateral ISO Raises or Backpack Raises,3
42,Extra Upper,Reverse Wrist Curls,Backpack Reverse Wrist Curls,3
42,Extra Upper,Hanging Knee Raises or Ab Wheel Rollouts,Floor Leg Raises or Bodyweight Wall Rollouts,3
42,Bonus Core,Dead Bugs,Dead Bugs,3
42,Bonus Core,Side Plank,Side Plank,3
42,Bonus Core,Plank Hold,Plank Hold,3
42,Bonus Core,Pallof Press,Side Plank or Towel ISO Press,3
43,Upper Body A,Side Plank,Side Plank,3
43,Upper Body A,Barbell or Dumbbell Bench Press,Push-Ups / Incline Push-Ups,3
43,Upper Body A,Single-Arm Dumbbell Rows,Towel Door Rows or Table Inverted Rows,3
43,Upper Body A,Overhead Dumbbell Shoulder Press,Pike Push-Ups,3
43,Upper Body A,Lat Pulldowns or Cable Rows,Doorframe Towel Rows or Sliding Floor Lat Pulls,3
43,Upper Body A,Triceps Cable Pushdowns or Overhead Extensions,Bench Dips or Bodyweight Triceps Extensions,3
43,Lower Body A,Barbell Back Squats or Goblet Squats,Bodyweight Squats or Tempo Squats,3
43,Lower Body A,Romanian Deadlifts (RDLs),Bodyweight Single-Leg RDLs,3
43,Lower Body A,Walking Lunges,Bodyweight Walking or Reverse Lunges,3
43,Lower Body A,Leg Curl Machine or Swiss Ball Hamstring Curls,Hamstring Walkouts,3
43,Lower Body A,Standing Calf Raises,Single-Leg Bodyweight Calf Raises,3
43,Lower Body A,Plank Hold,Plank Hold,3
43,Upper Body B,Pallof Press,Side Plank or Towel ISO Press,3
43,Upper Body B,Incline Dumbbell Bench Press,Push-Ups / Incline Push-Ups,3
43,Upper Body B,Barbell or Chest-Supported Rows,Towel Door Rows or Table Inverted Rows,3
43,Upper Body B,Dumbbell Lateral Raises,Wall Lateral ISO Raises or Backpack Raises,3
43,Upper Body B,Face Pulls,Doorframe Rear Delt Flyes / Prone Y-T-W Raises,3
43,Upper Body B,Dumbbell Biceps Curls,Doorframe ISO Curls or Loaded Backpack Curls,3
43,Extra Upper,Incline Dumbbell Bench Press,Push-Ups / Incline Push-Ups,3
43,Extra Upper,Face Pulls,Doorframe Rear Delt Flyes / Prone Y-T-W Raises,3
43,Extra Upper,Dumbbell Biceps Curls,Doorframe ISO Curls or Loaded Backpack Curls,3
43,Extra Upper,Lying Triceps Extensions (Skull Crushers),Close-Grip Push-Ups or Backpack Skull Crushers,3
43,Extra Upper,Dead Bugs,Dead Bugs,3
43,Bonus Core,Dead Bugs,Dead Bugs,3
43,Bonus Core,Side Plank,Side Plank,3
43,Bonus Core,Plank Hold,Plank Hold,3
43,Bonus Core,Pallof Press,Side Plank or Towel ISO Press,3
44,Upper Body A,Hanging Knee Raises or Ab Wheel Rollouts,Floor Leg Raises or Bodyweight Wall Rollouts,3
44,Upper Body A,Barbell or Dumbbell Bench Press,Push-Ups / Incline Push-Ups,3
44,Upper Body A,Single-Arm Dumbbell Rows,Towel Door Rows or Table Inverted Rows,3
44,Upper Body A,Overhead Dumbbell Shoulder Press,Pike Push-Ups,3
44,Upper Body A,Lat Pulldowns or Cable Rows,Doorframe Towel Rows or Sliding Floor Lat Pulls,3
44,Upper Body A,Triceps Cable Pushdowns or Overhead Extensions,Bench Dips or Bodyweight Triceps Extensions,3
44,Lower Body B,Trap Bar Deadlifts or Barbell Conventional Deadlifts,Single-Leg Good Mornings or Heavy Object Deadlifts,3
44,Lower Body B,Bulgarian Split Squats,Bodyweight Bulgarian Split Squats,3
44,Lower Body B,Barbell Hip Thrusts or Glute Bridges,Single-Leg Glute Bridges,3
44,Lower Body B,Leg Extension Machine or Goblet Step-Ups,Bodyweight Step-Ups or Sissy Squats,3
44,Lower Body B,Farmer's Carries,Loaded Water Jug / Backpack Carries,3
44,Lower Body B,Side Plank,Side Plank,3
44,Upper Body B,Plank Hold,Plank Hold,3
44,Upper Body B,Incline Dumbbell Bench Press,Push-Ups / Incline Push-Ups,3
44,Upper Body B,Barbell or Chest-Supported Rows,Towel Door Rows or Table Inverted Rows,3
44,Upper Body B,Dumbbell Lateral Raises,Wall Lateral ISO Raises or Backpack Raises,3
44,Upper Body B,Face Pulls,Doorframe Rear Delt Flyes / Prone Y-T-W Raises,3
44,Upper Body B,Dumbbell Biceps Curls,Doorframe ISO Curls or Loaded Backpack Curls,3
44,Extra Upper,Incline Dumbbell Bench Press,Push-Ups / Incline Push-Ups,3
44,Extra Upper,Face Pulls,Doorframe Rear Delt Flyes / Prone Y-T-W Raises,3
44,Extra Upper,Dumbbell Biceps Curls,Doorframe ISO Curls or Loaded Backpack Curls,3
44,Extra Upper,Lying Triceps Extensions (Skull Crushers),Close-Grip Push-Ups or Backpack Skull Crushers,3
44,Extra Upper,Pallof Press,Side Plank or Towel ISO Press,3
44,Bonus Core,Dead Bugs,Dead Bugs,3
44,Bonus Core,Side Plank,Side Plank,3
44,Bonus Core,Plank Hold,Plank Hold,3
44,Bonus Core,Pallof Press,Side Plank or Towel ISO Press,3
45,Upper Body A,Dead Bugs,Dead Bugs,3
45,Upper Body A,Barbell or Dumbbell Bench Press,Push-Ups / Incline Push-Ups,3
45,Upper Body A,Single-Arm Dumbbell Rows,Towel Door Rows or Table Inverted Rows,3
45,Upper Body A,Overhead Dumbbell Shoulder Press,Pike Push-Ups,3
45,Upper Body A,Lat Pulldowns or Cable Rows,Doorframe Towel Rows or Sliding Floor Lat Pulls,3
45,Upper Body A,Triceps Cable Pushdowns or Overhead Extensions,Bench Dips or Bodyweight Triceps Extensions,3
45,Lower Body A,Barbell Back Squats or Goblet Squats,Bodyweight Squats or Tempo Squats,3
45,Lower Body A,Romanian Deadlifts (RDLs),Bodyweight Single-Leg RDLs,3
45,Lower Body A,Walking Lunges,Bodyweight Walking or Reverse Lunges,3
45,Lower Body A,Leg Curl Machine or Swiss Ball Hamstring Curls,Hamstring Walkouts,3
45,Lower Body A,Standing Calf Raises,Single-Leg Bodyweight Calf Raises,3
45,Lower Body A,Hanging Knee Raises or Ab Wheel Rollouts,Floor Leg Raises or Bodyweight Wall Rollouts,3
45,Upper Body B,Side Plank,Side Plank,3
45,Upper Body B,Incline Dumbbell Bench Press,Push-Ups / Incline Push-Ups,3
45,Upper Body B,Barbell or Chest-Supported Rows,Towel Door Rows or Table Inverted Rows,3
45,Upper Body B,Dumbbell Lateral Raises,Wall Lateral ISO Raises or Backpack Raises,3
45,Upper Body B,Face Pulls,Doorframe Rear Delt Flyes / Prone Y-T-W Raises,3
45,Upper Body B,Dumbbell Biceps Curls,Doorframe ISO Curls or Loaded Backpack Curls,3
45,Extra Upper,Incline Dumbbell Bench Press,Push-Ups / Incline Push-Ups,3
45,Extra Upper,Face Pulls,Doorframe Rear Delt Flyes / Prone Y-T-W Raises,3
45,Extra Upper,Dumbbell Biceps Curls,Doorframe ISO Curls or Loaded Backpack Curls,3
45,Extra Upper,Lying Triceps Extensions (Skull Crushers),Close-Grip Push-Ups or Backpack Skull Crushers,3
45,Extra Upper,Plank Hold,Plank Hold,3
45,Bonus Core,Dead Bugs,Dead Bugs,3
45,Bonus Core,Side Plank,Side Plank,3
45,Bonus Core,Plank Hold,Plank Hold,3
45,Bonus Core,Pallof Press,Side Plank or Towel ISO Press,3
46,Upper Body A,Pallof Press,Side Plank or Towel ISO Press,3
46,Upper Body A,Barbell or Dumbbell Bench Press,Push-Ups / Incline Push-Ups,3
46,Upper Body A,Single-Arm Dumbbell Rows,Towel Door Rows or Table Inverted Rows,3
46,Upper Body A,Overhead Dumbbell Shoulder Press,Pike Push-Ups,3
46,Upper Body A,Lat Pulldowns or Cable Rows,Doorframe Towel Rows or Sliding Floor Lat Pulls,3
46,Upper Body A,Triceps Cable Pushdowns or Overhead Extensions,Bench Dips or Bodyweight Triceps Extensions,3
46,Lower Body B,Trap Bar Deadlifts or Barbell Conventional Deadlifts,Single-Leg Good Mornings or Heavy Object Deadlifts,3
46,Lower Body B,Bulgarian Split Squats,Bodyweight Bulgarian Split Squats,3
46,Lower Body B,Barbell Hip Thrusts or Glute Bridges,Single-Leg Glute Bridges,3
46,Lower Body B,Leg Extension Machine or Goblet Step-Ups,Bodyweight Step-Ups or Sissy Squats,3
46,Lower Body B,Farmer's Carries,Loaded Water Jug / Backpack Carries,3
46,Lower Body B,Dead Bugs,Dead Bugs,3
46,Upper Body B,Hanging Knee Raises or Ab Wheel Rollouts,Floor Leg Raises or Bodyweight Wall Rollouts,3
46,Upper Body B,Incline Dumbbell Bench Press,Push-Ups / Incline Push-Ups,3
46,Upper Body B,Barbell or Chest-Supported Rows,Towel Door Rows or Table Inverted Rows,3
46,Upper Body B,Dumbbell Lateral Raises,Wall Lateral ISO Raises or Backpack Raises,3
46,Upper Body B,Face Pulls,Doorframe Rear Delt Flyes / Prone Y-T-W Raises,3
46,Upper Body B,Dumbbell Biceps Curls,Doorframe ISO Curls or Loaded Backpack Curls,3
46,Extra Upper,Incline Dumbbell Bench Press,Push-Ups / Incline Push-Ups,3
46,Extra Upper,Face Pulls,Doorframe Rear Delt Flyes / Prone Y-T-W Raises,3
46,Extra Upper,Dumbbell Biceps Curls,Doorframe ISO Curls or Loaded Backpack Curls,3
46,Extra Upper,Lying Triceps Extensions (Skull Crushers),Close-Grip Push-Ups or Backpack Skull Crushers,3
46,Extra Upper,Side Plank,Side Plank,3
46,Bonus Core,Dead Bugs,Dead Bugs,3
46,Bonus Core,Side Plank,Side Plank,3
46,Bonus Core,Plank Hold,Plank Hold,3
46,Bonus Core,Pallof Press,Side Plank or Towel ISO Press,3
47,Upper Body A,Plank Hold,Plank Hold,3
47,Upper Body A,Barbell or Dumbbell Bench Press,Push-Ups / Incline Push-Ups,3
47,Upper Body A,Single-Arm Dumbbell Rows,Towel Door Rows or Table Inverted Rows,3
47,Upper Body A,Overhead Dumbbell Shoulder Press,Pike Push-Ups,3
47,Upper Body A,Lat Pulldowns or Cable Rows,Doorframe Towel Rows or Sliding Floor Lat Pulls,3
47,Upper Body A,Triceps Cable Pushdowns or Overhead Extensions,Bench Dips or Bodyweight Triceps Extensions,3
47,Lower Body A,Barbell Back Squats or Goblet Squats,Bodyweight Squats or Tempo Squats,3
47,Lower Body A,Romanian Deadlifts (RDLs),Bodyweight Single-Leg RDLs,3
47,Lower Body A,Walking Lunges,Bodyweight Walking or Reverse Lunges,3
47,Lower Body A,Leg Curl Machine or Swiss Ball Hamstring Curls,Hamstring Walkouts,3
47,Lower Body A,Standing Calf Raises,Single-Leg Bodyweight Calf Raises,3
47,Lower Body A,Pallof Press,Side Plank or Towel ISO Press,3
47,Upper Body B,Dead Bugs,Dead Bugs,3
47,Upper Body B,Incline Dumbbell Bench Press,Push-Ups / Incline Push-Ups,3
47,Upper Body B,Barbell or Chest-Supported Rows,Towel Door Rows or Table Inverted Rows,3
47,Upper Body B,Dumbbell Lateral Raises,Wall Lateral ISO Raises or Backpack Raises,3
47,Upper Body B,Face Pulls,Doorframe Rear Delt Flyes / Prone Y-T-W Raises,3
47,Upper Body B,Dumbbell Biceps Curls,Doorframe ISO Curls or Loaded Backpack Curls,3
47,Extra Upper,Incline Dumbbell Bench Press,Push-Ups / Incline Push-Ups,3
47,Extra Upper,Face Pulls,Doorframe Rear Delt Flyes / Prone Y-T-W Raises,3
47,Extra Upper,Dumbbell Biceps Curls,Doorframe ISO Curls or Loaded Backpack Curls,3
47,Extra Upper,Lying Triceps Extensions (Skull Crushers),Close-Grip Push-Ups or Backpack Skull Crushers,3
47,Extra Upper,Hanging Knee Raises or Ab Wheel Rollouts,Floor Leg Raises or Bodyweight Wall Rollouts,3
47,Bonus Core,Dead Bugs,Dead Bugs,3
47,Bonus Core,Side Plank,Side Plank,3
47,Bonus Core,Plank Hold,Plank Hold,3
47,Bonus Core,Pallof Press,Side Plank or Towel ISO Press,3
48,Upper Body A,Side Plank,Side Plank,3
48,Upper Body A,Barbell or Dumbbell Bench Press,Push-Ups / Incline Push-Ups,3
48,Upper Body A,Single-Arm Dumbbell Rows,Towel Door Rows or Table Inverted Rows,3
48,Upper Body A,Overhead Dumbbell Shoulder Press,Pike Push-Ups,3
48,Upper Body A,Lat Pulldowns or Cable Rows,Doorframe Towel Rows or Sliding Floor Lat Pulls,3
48,Upper Body A,Triceps Cable Pushdowns or Overhead Extensions,Bench Dips or Bodyweight Triceps Extensions,3
48,Lower Body B,Trap Bar Deadlifts or Barbell Conventional Deadlifts,Single-Leg Good Mornings or Heavy Object Deadlifts,3
48,Lower Body B,Bulgarian Split Squats,Bodyweight Bulgarian Split Squats,3
48,Lower Body B,Barbell Hip Thrusts or Glute Bridges,Single-Leg Glute Bridges,3
48,Lower Body B,Leg Extension Machine or Goblet Step-Ups,Bodyweight Step-Ups or Sissy Squats,3
48,Lower Body B,Farmer's Carries,Loaded Water Jug / Backpack Carries,3
48,Lower Body B,Plank Hold,Plank Hold,3
48,Upper Body B,Pallof Press,Side Plank or Towel ISO Press,3
48,Upper Body B,Incline Dumbbell Bench Press,Push-Ups / Incline Push-Ups,3
48,Upper Body B,Barbell or Chest-Supported Rows,Towel Door Rows or Table Inverted Rows,3
48,Upper Body B,Dumbbell Lateral Raises,Wall Lateral ISO Raises or Backpack Raises,3
48,Upper Body B,Face Pulls,Doorframe Rear Delt Flyes / Prone Y-T-W Raises,3
48,Upper Body B,Dumbbell Biceps Curls,Doorframe ISO Curls or Loaded Backpack Curls,3
48,Extra Upper,Incline Dumbbell Bench Press,Push-Ups / Incline Push-Ups,3
48,Extra Upper,Face Pulls,Doorframe Rear Delt Flyes / Prone Y-T-W Raises,3
48,Extra Upper,Dumbbell Biceps Curls,Doorframe ISO Curls or Loaded Backpack Curls,3
48,Extra Upper,Lying Triceps Extensions (Skull Crushers),Close-Grip Push-Ups or Backpack Skull Crushers,3
48,Extra Upper,Dead Bugs,Dead Bugs,3
48,Bonus Core,Dead Bugs,Dead Bugs,3
48,Bonus Core,Side Plank,Side Plank,3
48,Bonus Core,Plank Hold,Plank Hold,3
48,Bonus Core,Pallof Press,Side Plank or Towel ISO Press,3
